0;1
1;0
2;3
3;2
1;4
4;1
5;3
3;5
6;3
3;6
7;8
6;9
9;6
8;7
1;9
10;1
11;3
3;11
9;1
1;8
8;1
12;3
1;10
0;4
3;12
3;1
1;3
4;0
10;13
13;10
10;0
0;10
9;11
11;9
14;9
9;14
0;9
15;16
16;15
17;3
9;0
3;17
1;11
11;1
18;3
3;18
10;3
2;18
18;2
3;10
1;19
19;1
13;1
1;13
9;20
21;3
3;22
20;9
3;21
13;23
22;3
23;0
23;13
18;9
19;24
24;19
0;23
25;3
20;3
3;20
26;3
21;2
3;25
3;26
9;18
9;10
21;9
27;3
2;21
19;0
9;3
0;19
10;9
3;9
17;9
3;27
9;17
6;5
5;6
9;21
4;2
11;10
2;4
28;1
10;11
1;28
9;13
13;9
9;19
3;13
29;2
9;29
29;9
13;3
2;29
11;13
19;9
30;13
14;29
31;11
13;30
19;10
13;11
4;10
10;4
29;14
8;32
10;19
11;31
3;33
14;3
11;34
34;11
3;0
9;22
33;3
3;14
32;8
13;19
22;9
35;1
4;5
19;13
6;11
3;29
36;3
29;3
1;35
5;4
20;6
11;6
19;37
37;19
14;13
1;38
21;5
3;36
5;21
38;1
6;20
13;14
0;3
10;23
2;11
9;27
11;2
3;30
39;9
30;10
6;22
13;40
40;13
14;19
23;10
9;39
27;9
10;30
41;3
30;3
22;6
2;9
3;41
28;0
8;0
19;14
35;9
9;35
6;29
0;8
6;17
29;6
0;28
9;2
42;1
17;6
21;35
35;21
11;19
1;42
11;17
28;3
19;11
23;38
27;2
22;11
17;11
22;4
3;28
43;13
26;2
38;23
11;22
4;22
44;19
2;26
13;43
16;34
4;20
34;16
2;27
20;4
28;2
19;44
35;11
1;21
20;17
11;0
0;13
27;6
3;19
17;20
14;1
45;3
6;27
21;1
19;3
46;10
13;0
11;35
23;47
21;27
11;23
14;10
23;3
3;45
35;13
47;23
2;28
14;11
27;21
3;23
41;35
10;14
0;11
10;46
13;35
48;3
11;14
27;20
3;49
35;41
1;14
49;3
3;50
20;27
50;3
23;11
38;19
3;48
35;3
30;1
3;35
11;18
11;40
51;3
3;51
22;1
27;11
52;3
18;11
10;35
1;22
16;31
53;26
1;30
3;52
35;10
31;16
40;11
19;38
11;27
26;27
10;29
29;10
3;54
27;26
9;23
2;22
55;3
26;53
18;10
27;5
10;38
3;56
44;13
22;2
56;3
3;55
11;39
54;3
13;44
47;1
0;21
34;35
10;18
13;29
39;11
4;57
1;47
57;4
23;42
20;2
45;18
3;39
47;13
38;10
42;23
13;47
10;47
20;0
2;20
51;10
9;50
29;13
47;10
58;3
4;12
50;9
12;18
3;58
12;4
51;50
20;28
10;51
5;27
39;3
7;1
0;20
35;34
13;18
31;35
18;5
1;7
10;21
18;13
20;18
19;30
18;20
27;18
42;10
21;22
27;12
18;12
21;10
17;22
10;42
5;18
18;45
6;2
30;19
2;35
22;17
18;27
50;51
23;9
13;42
21;0
35;2
59;26
35;31
1;29
26;59
13;38
40;38
22;21
12;27
5;12
38;40
2;14
42;13
28;20
2;6
35;19
38;13
40;10
21;11
12;5
40;9
19;35
40;42
14;2
60;13
19;47
10;40
44;0
10;44
11;29
0;14
11;20
3;61
61;3
11;21
29;18
47;19
44;10
42;40
14;0
29;5
22;20
1;20
0;44
5;29
36;21
20;22
21;36
29;17
12;21
21;12
9;40
42;19
29;11
17;29
18;29
20;11
33;18
41;15
19;42
9;62
35;0
62;9
18;33
3;34
13;21
51;2
53;18
0;35
26;29
18;53
29;27
13;60
15;41
21;13
2;51
34;3
27;13
28;9
27;29
19;23
23;19
57;3
29;51
29;26
3;57
54;9
44;47
8;19
63;9
6;35
9;54
14;61
23;35
12;11
35;6
35;23
20;1
1;18
39;51
13;27
20;5
47;44
29;1
11;43
4;3
19;8
18;59
9;44
5;2
11;12
59;18
64;11
5;20
51;39
35;29
29;35
2;5
27;22
50;11
11;50
43;11
9;28
61;14
9;63
3;15
22;27
11;65
44;1
4;36
0;18
43;16
26;9
9;26
12;26
11;64
1;44
51;13
26;12
51;29
15;3
11;30
16;50
23;1
9;12
66;11
16;43
50;16
18;35
65;11
18;1
36;4
30;11
11;60
35;18
67;11
11;66
60;11
33;27
44;9
5;11
26;68
12;29
68;26
21;20
13;51
35;27
11;67
29;12
30;9
13;4
27;35
11;5
45;27
20;21
4;13
9;33
10;27
3;4
20;26
12;9
26;20
38;44
27;33
9;45
18;14
27;10
13;39
44;38
5;26
5;9
51;26
69;3
26;11
9;5
26;51
19;40
18;22
9;30
45;9
56;14
11;42
33;9
39;13
19;21
27;45
14;6
30;44
11;26
6;14
4;9
67;51
40;19
9;4
26;5
35;5
51;67
44;30
22;35
27;25
9;68
9;70
11;41
14;18
22;18
5;35
70;9
1;23
41;11
25;27
67;3
14;56
17;27
35;22
21;19
18;0
27;17
42;11
13;31
24;71
3;67
68;3
17;35
35;17
33;11
5;17
19;4
31;13
3;72
67;26
4;19
47;40
3;68
3;69
17;5
68;9
16;39
11;33
1;65
40;47
72;3
14;44
44;14
62;35
30;23
4;30
14;17
3;73
65;1
35;62
73;3
26;67
29;20
20;29
10;8
42;44
23;30
17;14
45;2
30;4
0;30
8;10
51;1
28;4
10;62
2;45
39;16
62;51
26;13
62;10
73;9
44;42
29;67
74;16
9;73
30;0
4;28
1;2
57;9
13;26
13;34
39;2
71;24
12;35
51;62
1;51
34;13
67;29
1;27
75;26
9;31
9;57
29;56
21;29
11;28
63;51
35;12
2;1
0;27
16;74
2;39
18;51
29;21
39;29
28;11
73;30
23;14
26;75
65;13
51;63
16;60
29;39
31;9
60;16
23;4
46;13
29;54
22;12
76;16
56;29
54;2
35;14
27;67
14;23
13;46
51;18
67;27
2;54
77;16
53;2
9;67
26;57
54;11
21;14
14;35
13;65
29;78
4;23
11;54
3;63
3;40
6;33
63;3
57;26
27;36
79;4
40;3
16;77
14;21
12;22
2;53
27;1
30;73
16;76
33;6
36;27
17;2
2;17
12;28
78;29
33;26
50;13
4;79
14;20
51;28
26;33
27;0
39;1
3;79
28;51
16;41
3;31
54;29
20;14
19;29
41;16
18;36
10;28
4;14
45;51
36;18
3;80
28;10
38;30
14;27
81;27
13;50
79;3
35;20
20;35
30;38
14;4
80;3
11;82
1;39
65;10
31;3
67;9
27;81
52;27
82;11
43;10
15;51
27;28
14;30
30;14
27;52
9;83
27;68
4;84
29;19
26;62
51;45
31;15
27;14
15;34
16;66
51;15
11;44
7;0
10;43
28;27
84;4
35;40
28;12
2;62
3;85
62;26
68;2
2;68
68;27
13;70
62;2
51;70
66;16
10;50
41;27
44;37
85;3
37;44
83;9
48;27
0;22
36;6
70;51
4;33
44;11
6;36
0;7
70;13
10;26
26;10
34;15
8;13
61;29
78;9
40;35
10;54
27;86
33;4
10;65
29;0
35;26
86;27
26;35
27;56
27;41
50;10
13;8
18;63
54;27
26;39
27;48
22;0
57;2
15;31
20;12
39;14
16;87
12;51
54;10
56;27
1;46
4;27
63;18
88;4
10;61
89;27
36;20
12;20
14;39
27;4
9;78
44;35
61;10
20;36
9;56
46;1
51;12
35;44
56;9
67;2
87;16
51;14
39;10
11;70
53;27
35;30
27;53
70;11
2;67
43;1
23;28
62;3
54;14
90;3
2;57
0;29
31;1
27;57
3;62
39;50
50;14
44;3
51;38
27;62
1;31
4;88
3;90
30;40
30;35
61;2
21;62
40;0
38;51
1;43
62;27
19;7
3;44
39;18
56;11
61;13
39;26
14;50
51;23
11;56
13;61
10;39
2;73
18;39
62;21
77;11
29;61
14;51
1;73
9;34
6;73
50;39
2;61
40;30
57;27
91;9
0;40
3;92
28;23
14;54
9;41
73;2
89;3
27;89
16;64
3;93
2;15
79;9
11;47
26;63
94;14
8;9
93;3
23;51
59;2
95;4
27;54
96;3
11;77
9;79
13;54
54;13
15;10
47;11
92;3
34;10
63;27
73;1
4;95
1;50
15;2
61;6
14;94
51;59
10;45
45;10
3;89
10;20
10;34
50;2
41;9
6;61
56;2
20;10
20;73
2;56
2;59
50;1
34;9
73;6
3;77
15;13
14;70
21;23
35;64
23;21
2;50
27;63
12;17
73;20
30;37
9;8
77;3
63;26
8;35
1;67
18;25
17;12
44;8
33;2
18;67
10;15
15;1
12;67
25;18
61;9
9;91
2;33
2;41
64;35
6;45
21;33
42;9
10;63
67;12
19;28
70;14
39;27
59;51
19;46
97;3
3;8
67;33
47;35
8;3
12;14
8;44
63;10
9;42
6;62
37;30
35;8
98;9
33;67
99;15
68;18
88;9
67;18
64;16
33;21
3;100
27;39
15;99
3;96
14;12
13;17
63;11
46;19
45;21
21;45
35;47
29;91
27;55
14;24
11;63
75;9
25;11
52;9
100;3
12;54
18;62
41;2
67;1
35;50
13;15
55;27
11;25
1;15
62;6
91;29
1;62
50;35
9;61
9;98
24;14
9;52
62;18
3;97
45;6
30;47
9;75
62;1
8;11
35;66
54;12
9;66
9;88
47;30
66;35
18;68
99;35
35;43
5;25
25;5
51;5
43;35
11;8
29;68
29;33
4;38
29;22
38;4
2;10
44;23
33;17
53;9
3;43
12;10
35;99
20;33
13;62
10;12
5;51
29;57
61;50
66;9
43;3
62;13
33;20
22;29
28;19
57;29
10;73
5;28
33;29
23;44
26;18
17;13
51;19
91;14
50;61
68;29
73;10
29;50
101;3
47;9
13;2
74;11
10;2
6;63
102;3
15;67
9;53
103;11
17;33
12;15
44;40
31;10
104;14
9;47
78;14
67;15
19;51
28;5
40;44
45;20
20;45
11;103
13;45
2;13
10;31
13;12
11;46
14;91
14;104
50;29
26;14
29;28
63;6
6;12
45;13
11;74
73;11
28;29
12;6
3;101
67;10
6;39
45;4
51;53
4;45
4;29
64;13
33;35
30;43
53;51
15;12
14;26
18;54
10;5
35;33
34;1
1;34
15;26
105;2
57;51
106;35
39;6
33;28
12;13
2;105
3;102
25;67
11;69
33;22
5;10
36;26
46;11
26;22
10;67
26;36
69;11
22;33
13;63
92;15
14;78
35;106
35;42
5;105
22;26
35;60
46;30
50;67
43;30
13;64
29;4
10;22
15;92
63;13
18;73
68;11
28;33
51;57
12;68
4;17
19;20
6;56
26;15
60;35
86;6
42;35
67;50
105;5
45;11
6;86
73;18
20;61
56;1
17;4
61;20
20;19
53;29
9;25
35;45
39;15
19;71
30;46
65;23
25;9
62;14
11;68
22;10
11;45
13;20
29;63
68;28
45;35
11;107
73;14
35;54
11;73
107;11
54;18
9;58
57;18
29;45
60;34
45;29
67;25
68;12
3;108
36;12
31;60
54;51
17;18
58;9
73;27
63;2
54;35
19;109
19;110
73;29
108;3
27;69
110;19
111;27
16;35
3;112
29;53
2;63
29;73
25;35
20;13
42;46
112;3
35;16
18;57
41;12
93;11
23;65
9;64
35;25
27;111
63;73
63;29
6;52
14;62
71;19
60;31
50;27
14;22
18;26
69;27
14;28
29;113
52;6
3;106
23;18
64;15
27;73
34;60
12;36
70;10
36;17
15;39
22;14
1;26
11;62
10;70
61;11
15;64
113;29
11;93
14;73
20;57
56;6
73;17
62;11
19;73
28;14
30;39
73;63
106;3
76;11
51;33
21;30
114;35
115;27
73;68
17;39
93;9
19;18
11;61
30;21
17;53
18;6
47;3
73;19
39;17
52;4
3;47
88;18
67;13
116;3
9;93
14;40
56;35
69;16
11;76
18;17
35;36
3;64
35;65
30;2
35;63
27;115
27;50
36;35
4;52
46;42
50;17
40;14
18;19
2;30
33;51
28;68
64;9
17;36
47;14
20;30
35;56
57;20
117;3
65;35
80;29
63;35
11;4
2;69
4;41
51;0
118;14
3;117
17;50
70;39
68;73
18;30
0;73
17;73
9;111
17;54
35;114
41;22
41;4
26;25
30;20
12;45
7;13
17;25
111;9
35;67
53;12
22;41
14;47
109;19
35;70
17;68
30;18
2;75
12;41
13;67
25;17
4;11
9;113
12;53
39;70
37;14
18;23
64;3
62;39
113;9
113;14
62;20
29;88
68;14
59;29
26;1
54;17
46;44
39;62
51;54
15;66
70;35
67;35
5;1
88;29
22;28
73;0
39;12
4;25
119;14
14;68
27;75
11;52
0;51
120;29
65;3
14;118
3;65
66;15
52;11
14;119
25;26
33;12
44;46
25;4
29;80
28;22
75;2
17;61
77;56
21;25
39;21
61;17
12;39
9;59
41;56
45;73
59;9
13;7
45;12
10;60
29;59
73;12
20;62
14;113
43;9
41;1
22;39
10;121
12;33
12;73
39;22
5;45
1;41
21;39
7;19
58;11
75;18
30;51
56;41
39;30
11;96
68;51
66;39
17;56
29;120
19;2
1;5
6;54
122;29
14;37
63;14
92;11
110;24
25;21
51;30
21;17
18;88
69;2
28;21
30;26
29;122
46;0
96;11
4;31
9;43
38;28
106;11
64;50
14;8
123;9
35;69
51;68
14;63
26;45
31;4
73;45
50;26
9;65
18;41
44;21
26;30
0;46
56;17
28;38
68;17
66;13
21;73
41;21
97;27
63;12
46;38
11;58
23;27
73;21
124;3
53;17
2;19
0;125
18;75
69;35
12;63
125;0
33;73
11;106
14;83
21;41
45;26
11;92
21;28
40;21
75;27
27;126
127;19
65;9
128;11
121;10
56;77
27;58
127;10
11;36
75;29
36;11
16;69
29;75
27;97
18;61
129;27
3;116
6;28
35;4
8;14
3;124
38;46
19;17
67;41
61;18
60;1
83;14
1;60
26;69
11;15
60;10
24;110
58;27
52;18
26;50
17;19
39;66
6;67
56;34
102;27
19;39
4;35
10;127
43;38
50;64
56;13
13;56
69;26
27;129
63;39
9;123
6;51
21;57
130;1
17;45
50;23
21;40
51;6
35;39
8;30
54;6
30;8
15;11
73;4
29;62
15;43
42;3
19;127
34;56
28;6
13;66
21;44
41;67
57;21
67;6
56;61
42;31
51;44
99;11
61;56
27;23
131;14
17;21
77;35
1;130
35;77
26;58
41;18
6;18
3;42
30;42
62;29
31;42
58;26
18;95
44;51
39;19
126;27
13;5
14;131
25;12
35;38
41;17
54;56
69;12
5;13
84;9
17;41
42;14
38;43
39;35
132;11
1;56
42;30
38;35
11;99
84;18
11;132
60;15
26;95
21;63
38;8
95;18
43;14
39;63
23;8
95;26
11;128
12;69
115;3
56;12
26;54
10;37
39;64
3;115
73;26
62;67
57;6
67;62
9;84
121;13
14;42
18;52
3;86
9;82
133;44
64;39
8;38
9;103
30;131
12;56
23;43
26;73
8;23
87;11
134;9
14;43
18;84
14;45
13;33
44;4
63;21
131;30
86;3
23;50
23;26
27;102
82;9
33;13
3;66
11;38
30;135
59;27
39;0
21;31
44;136
137;14
12;62
12;25
138;11
45;17
21;61
44;133
14;137
83;11
23;20
12;59
139;3
81;3
73;35
140;14
101;27
9;36
56;54
43;51
26;61
8;47
35;73
23;31
103;9
61;21
28;39
23;73
4;44
26;23
50;6
45;14
69;41
67;5
27;141
35;28
142;35
43;23
61;26
135;30
10;41
38;11
31;21
9;77
129;3
62;12
41;10
20;23
59;12
6;57
29;23
54;26
37;10
18;89
50;54
47;8
3;81
14;140
1;121
13;121
66;3
143;3
97;9
36;9
14;144
4;73
145;22
23;29
11;87
33;10
3;88
35;87
43;15
77;9
14;33
29;146
3;143
6;50
8;42
28;35
111;3
35;142
9;134
27;59
22;145
27;147
26;31
15;60
121;1
34;29
10;33
147;27
144;14
89;18
1;61
9;97
141;27
21;34
11;83
3;111
136;44
50;66
88;3
3;129
41;69
87;35
28;45
42;8
61;1
146;29
33;14
0;39
73;23
31;26
27;88
43;2
6;48
3;70
24;9
140;30
47;51
20;39
37;13
30;140
112;73
34;2
18;79
70;3
31;23
148;9
13;37
44;7
43;65
3;53
2;43
54;50
34;26
45;28
8;21
22;25
73;39
19;27
27;101
25;22
13;82
48;6
66;50
29;34
39;73
132;9
9;132
5;67
11;138
82;13
26;34
27;96
54;73
13;28
7;44
23;34
30;24
21;54
9;24
17;67
79;2
23;46
11;121
9;148
65;51
34;21
3;139
21;8
28;13
21;53
5;62
79;26
49;11
121;11
27;49
24;30
146;9
53;3
39;20
73;112
79;18
4;15
35;82
112;27
2;79
25;29
60;3
9;146
96;27
45;5
23;67
17;88
27;112
49;27
67;23
38;15
10;64
62;5
49;35
6;89
11;49
27;19
63;17
73;50
3;103
20;52
39;28
36;29
65;43
29;25
15;4
149;30
7;11
88;27
46;23
92;35
3;75
5;15
30;149
15;38
134;29
150;27
12;57
35;49
82;35
3;60
56;50
53;21
10;57
73;67
29;134
29;30
27;72
30;29
26;79
35;92
111;18
130;13
105;86
28;53
151;14
15;5
29;152
51;65
14;151
62;61
89;6
75;3
24;44
51;43
86;105
27;150
152;29
2;34
103;3
67;73
54;21
52;20
79;29
29;36
42;51
57;10
11;7
75;51
67;69
72;27
13;130
50;56
67;17
73;54
61;62
57;12
1;12
18;50
153;24
39;77
41;28
60;43
67;31
75;17
64;10
24;153
53;28
50;12
5;73
111;29
86;20
116;27
35;61
61;35
29;111
50;18
43;60
9;154
12;50
21;56
27;116
21;67
155;9
39;56
27;90
67;56
73;33
37;38
9;155
29;79
17;75
156;14
154;9
19;43
14;67
11;98
50;21
79;21
9;89
82;14
43;19
67;21
21;50
26;43
3;128
33;5
34;23
157;18
95;9
18;15
72;6
56;67
51;47
56;21
98;11
15;69
5;33
21;79
60;9
70;56
17;63
50;73
73;5
67;14
54;28
77;39
6;72
56;39
100;9
14;156
28;30
20;86
19;50
9;158
28;41
69;67
34;51
43;26
159;30
90;27
31;2
30;28
56;70
29;58
58;29
14;82
21;95
104;9
125;19
27;61
2;31
89;9
9;60
128;3
1;54
67;22
30;159
28;54
95;21
30;160
50;19
9;104
30;65
5;14
51;75
158;9
65;30
31;74
18;111
0;62
88;17
29;70
12;61
51;42
63;67
130;0
160;30
18;157
61;12
85;35
61;27
28;63
9;69
44;125
44;24
0;136
70;29
73;13
62;0
0;130
59;17
31;51
9;95
147;3
63;28
19;149
158;14
9;48
26;21
50;38
12;1
13;73
28;75
96;17
28;25
134;73
136;0
3;147
95;3
38;20
73;134
112;9
19;133
95;17
73;61
67;63
75;21
31;67
9;100
9;7
125;44
38;37
51;69
68;5
38;50
17;95
9;112
28;88
35;85
35;74
5;68
27;161
74;31
149;19
3;95
51;34
28;62
22;67
54;1
28;79
62;28
69;51
48;9
69;15
28;18
162;29
15;18
25;28
88;28
58;73
21;26
29;83
61;73
57;28
75;28
11;97
69;9
14;98
17;59
19;125
50;28
51;31
52;21
161;27
79;28
14;5
28;50
62;17
83;29
74;35
21;52
97;11
17;96
20;38
17;57
27;77
65;14
3;78
5;41
29;162
28;57
13;163
50;43
4;42
7;23
164;18
21;84
34;67
133;19
165;1
18;58
166;18
77;27
67;34
14;158
163;13
167;19
56;26
52;73
18;166
84;21
48;17
98;14
29;97
168;14
26;56
17;62
66;10
6;95
35;76
47;0
1;165
42;4
57;5
78;3
18;164
41;5
0;2
3;82
30;17
17;30
10;66
14;65
152;9
17;84
76;35
0;31
26;4
56;18
52;28
70;61
61;70
21;75
58;18
56;69
17;48
19;167
87;15
41;39
69;56
9;46
14;168
95;6
10;17
18;48
53;62
88;21
6;25
108;35
82;3
18;56
92;26
84;17
18;81
35;108
5;57
31;0
57;17
46;9
56;5
73;52
0;47
23;7
9;55
9;150
9;152
28;48
169;11
112;29
48;18
25;6
33;39
145;3
62;68
59;21
68;62
56;22
73;25
170;11
4;26
26;92
171;35
5;56
65;19
56;106
28;52
150;9
62;53
22;56
172;18
18;28
63;56
9;173
9;135
64;56
21;59
55;9
17;10
28;95
27;174
81;18
2;0
3;145
62;73
18;172
28;55
78;73
174;3
28;84
48;28
62;50
73;28
39;41
21;89
173;9
28;73
56;64
25;56
106;56
6;55
139;27
11;169
39;5
19;65
26;6
28;111
21;88
34;27
3;174
175;27
52;2
32;7
3;176
20;54
62;59
111;28
174;27
56;25
27;175
73;78
95;28
56;31
39;33
128;35
2;88
176;3
28;101
27;34
14;34
29;112
88;2
59;62
73;22
54;20
73;69
149;14
19;22
35;93
85;56
29;86
11;177
31;27
178;11
68;21
20;63
54;62
83;56
179;13
39;61
86;29
62;54
35;128
55;28
63;20
34;14
55;6
154;14
46;35
7;32
35;46
93;35
180;18
58;2
5;39
177;11
27;143
13;179
50;30
181;11
56;85
84;28
35;97
73;62
31;56
18;180
97;35
27;31
25;73
2;52
29;52
11;89
19;182
73;89
12;105
97;56
121;0
62;4
27;139
97;29
56;63
50;62
11;170
105;12
14;149
1;17
97;73
6;41
62;75
29;148
183;19
30;50
143;27
89;21
73;58
184;0
57;62
41;6
185;35
0;184
2;58
52;29
62;33
186;3
29;89
30;12
187;9
73;97
44;18
22;73
89;29
62;57
3;186
21;68
61;39
79;6
21;48
4;62
56;83
12;30
44;28
13;53
33;62
56;66
95;29
28;59
89;28
9;102
43;50
17;1
53;5
89;11
6;26
69;29
72;29
22;19
19;183
13;59
3;83
30;33
9;187
89;73
78;61
23;39
150;18
102;9
11;102
80;9
56;49
75;62
29;72
14;154
135;9
29;95
0;121
66;56
69;73
28;31
11;181
29;69
35;107
31;28
23;15
53;10
51;92
28;89
102;11
15;87
35;185
56;20
33;56
73;56
10;56
6;79
49;56
33;30
45;62
166;29
48;21
59;10
107;35
5;53
29;166
30;82
92;51
44;73
159;19
90;56
188;150
56;90
35;171
150;188
11;48
45;56
82;30
79;17
39;23
36;68
59;28
30;7
101;28
189;35
19;159
9;80
7;30
20;56
58;28
148;29
19;56
29;102
12;75
78;62
28;44
41;13
29;154
6;58
83;3
9;94
28;58
102;73
54;39
15;23
17;79
56;45
190;27
92;56
3;134
14;31
10;53
191;11
88;73
94;9
165;13
84;6
56;10
168;9
1;37
4;63
134;3
35;189
9;101
59;13
62;78
10;75
37;1
31;14
9;168
91;61
73;44
56;33
26;41
53;73
2;80
70;73
102;29
13;165
80;2
93;56
46;51
56;92
56;73
48;11
73;102
192;1
34;73
68;10
72;20
57;13
13;57
13;41
73;75
193;11
10;76
13;22
154;29
68;36
57;73
39;67
5;86
51;46
101;9
53;13
11;191
10;77
58;6
103;35
73;88
73;111
30;194
73;53
56;93
79;20
75;73
56;19
9;156
35;52
83;13
13;83
69;10
1;192
77;10
10;59
38;67
59;3
87;10
75;10
5;31
6;84
76;10
19;67
35;103
39;34
75;12
61;78
13;195
10;74
156;9
86;5
35;89
31;5
131;19
195;13
1;45
18;44
3;59
67;39
14;173
68;22
89;35
3;132
84;26
62;45
27;190
188;97
111;73
97;188
26;84
73;70
77;51
34;39
52;35
196;18
87;43
173;14
20;79
108;11
18;150
62;56
51;77
194;30
132;3
67;28
73;34
45;0
26;77
197;30
22;13
21;55
17;70
95;2
63;4
67;53
10;87
11;108
73;57
43;12
4;24
20;72
82;10
3;187
68;4
2;95
0;45
63;61
34;28
70;17
20;44
58;17
39;54
47;4
24;4
74;10
35;48
86;21
11;178
56;62
114;3
14;159
11;101
62;88
79;27
10;68
27;79
198;3
81;6
3;114
21;86
10;82
44;50
85;11
50;44
64;26
12;31
19;199
48;35
45;1
15;25
4;47
28;34
47;28
56;97
18;196
61;63
77;26
187;3
21;24
61;91
96;56
69;13
13;69
41;26
44;29
58;62
11;85
3;126
88;62
89;56
55;21
44;20
3;198
67;68
148;3
4;67
20;50
95;27
50;20
56;117
3;148
98;29
159;14
26;64
121;19
6;81
62;58
39;69
56;96
29;150
41;73
5;54
200;3
19;140
43;39
9;201
72;9
23;60
2;72
67;19
28;102
22;68
29;168
202;9
30;197
26;0
72;12
5;30
31;12
12;43
140;19
53;67
56;103
54;5
40;73
201;9
199;30
21;70
11;193
30;5
126;3
56;89
30;203
35;58
29;44
73;41
83;73
9;72
27;95
70;21
73;101
168;29
117;56
1;82
204;18
68;67
44;43
69;25
150;29
75;4
0;26
3;200
19;121
25;69
147;9
30;199
50;0
203;30
43;74
67;4
25;15
58;35
12;79
102;28
35;55
20;25
56;108
177;35
12;72
41;51
6;88
77;73
114;11
3;189
29;98
10;69
35;193
72;2
18;204
9;202
39;43
14;199
25;20
28;47
43;87
43;28
101;73
62;79
11;114
79;12
123;10
66;73
108;56
120;9
89;17
101;11
0;50
24;13
10;123
9;120
82;1
3;150
55;35
61;19
35;96
29;187
103;56
37;9
73;79
83;10
124;56
189;3
35;177
51;41
92;27
39;40
19;61
30;34
154;61
150;3
79;73
9;205
199;14
10;83
193;35
67;38
96;35
79;62
17;58
205;9
148;73
31;20
165;0
93;10
73;96
8;24
187;29
102;188
10;93
12;34
136;1
63;62
60;23
56;124
128;56
73;77
17;89
18;206
207;29
13;24
68;45
14;208
73;83
88;6
208;14
209;11
9;147
11;91
43;44
210;3
56;132
11;209
102;56
14;71
73;40
206;18
211;27
188;102
2;92
33;68
93;13
30;31
14;25
61;45
68;13
132;56
9;122
29;64
3;210
34;12
73;66
34;30
61;5
13;68
11;55
45;61
31;73
56;128
84;29
43;73
18;162
30;62
136;19
85;12
12;85
28;43
15;77
0;165
20;31
30;64
73;59
30;121
29;84
29;41
56;102
45;68
29;147
122;9
98;73
62;63
5;61
59;73
64;30
62;30
27;211
73;148
24;8
69;39
27;92
13;93
162;18
14;64
91;11
73;48
45;33
77;15
31;30
1;136
68;33
64;73
74;43
59;6
147;29
62;19
9;37
61;154
19;62
92;2
25;14
10;98
54;25
21;58
31;29
35;102
62;52
98;10
29;31
5;34
41;29
35;101
104;10
135;11
64;29
73;31
6;59
19;136
84;2
18;4
28;97
0;212
121;30
103;27
102;35
55;11
182;213
196;29
27;103
132;10
4;75
29;207
212;0
34;5
164;28
18;31
35;78
47;50
84;3
11;78
21;102
3;84
29;66
196;20
10;132
27;108
45;39
29;196
10;104
113;61
205;29
73;64
73;43
73;55
73;98
214;30
52;39
83;39
97;28
28;164
3;215
48;29
29;48
20;42
129;29
58;14
0;34
19;26
55;73
73;139
39;52
216;19
30;125
102;18
3;24
58;21
162;62
217;35
28;67
14;58
31;18
19;131
56;55
73;95
78;11
39;83
218;3
215;3
161;3
125;30
33;45
102;21
154;3
71;14
3;154
78;35
3;218
219;10
51;20
11;135
90;22
96;73
19;216
39;58
10;219
136;30
48;73
64;14
26;19
55;56
25;54
62;134
101;35
20;51
30;136
18;34
2;84
27;30
24;3
52;62
17;101
42;20
29;205
22;90
3;161
24;35
61;67
171;11
9;16
61;113
101;18
50;47
62;150
28;150
18;102
95;73
139;188
29;129
9;157
68;39
174;73
31;87
39;4
39;31
39;45
144;30
67;61
14;93
74;60
56;48
108;27
157;29
73;154
62;162
141;3
145;5
58;39
133;30
48;56
34;18
11;171
187;56
66;29
30;27
3;141
28;147
30;144
150;28
28;161
152;73
20;196
150;62
30;133
4;68
56;187
110;109
18;101
188;139
172;28
51;11
5;145
66;14
36;62
70;30
46;3
154;73
134;62
161;28
30;130
139;73
139;56
28;172
30;41
11;112
42;21
30;214
157;9
91;73
101;29
187;73
14;66
11;51
4;39
130;30
19;192
29;157
35;217
213;19
30;70
73;174
42;28
34;0
39;68
16;9
25;39
62;36
93;14
73;152
60;74
103;73
182;19
1;184
92;29
220;30
101;17
112;11
11;123
61;0
73;187
194;19
14;221
73;129
53;4
39;93
29;92
184;1
30;66
0;61
35;83
83;61
221;14
80;61
123;11
192;19
96;29
0;222
73;91
11;148
119;10
3;46
10;25
66;30
148;11
222;0
124;27
24;11
145;12
39;25
31;39
157;3
1;64
29;118
149;10
40;31
24;1
21;42
197;13
56;139
10;119
88;5
11;24
223;188
4;18
29;101
224;11
61;83
3;157
38;7
27;124
29;164
0;225
226;30
3;123
39;91
172;29
13;197
41;30
109;110
30;220
225;0
33;54
47;37
29;172
5;52
123;3
83;35
97;17
30;226
164;29
40;39
7;38
90;12
188;223
52;5
31;38
89;188
10;149
69;6
11;197
1;24
30;45
197;11
57;14
85;5
129;73
54;33
62;111
123;29
61;80
29;123
215;35
188;89
17;97
111;62
5;85
56;112
133;1
73;103
5;88
35;24
0;56
29;96
37;47
0;43
35;215
77;13
157;73
227;18
118;29
28;42
157;27
47;18
93;39
131;9
1;133
38;31
44;2
191;56
25;10
147;28
228;14
10;24
174;29
9;131
27;157
229;14
56;0
49;12
62;22
313;313
31;33
12;90
17;102
14;41
73;157
14;229
30;213
22;62
2;44
125;10
213;30
14;230
231;30
49;2
64;1
14;57
73;36
61;54
14;228
18;47
10;223
112;56
36;73
37;23
45;30
5;50
18;227
43;76
29;174
35;112
30;232
56;191
3;107
11;224
120;14
114;56
233;44
54;61
65;38
189;11
121;23
23;37
223;10
133;0
76;43
0;133
23;121
12;49
56;101
62;84
33;31
2;49
232;30
41;14
91;39
130;47
140;10
56;114
87;31
130;11
44;233
5;90
27;204
10;140
10;130
204;27
107;3
11;189
199;194
55;29
13;77
90;5
174;28
50;5
112;35
38;65
234;56
28;174
12;145
102;17
190;3
80;12
0;24
47;130
56;234
10;125
55;18
3;190
43;0
65;27
30;231
196;21
24;0
50;34
24;10
27;65
230;14
29;55
12;58
211;3
3;211
21;101
130;19
101;56
34;50
6;69
235;29
132;188
199;19
86;28
31;40
184;212
120;188
4;53
21;78
122;14
13;125
212;184
188;120
73;205
130;10
21;69
84;62
44;212
10;94
61;68
9;174
188;132
29;235
205;73
19;130
94;10
12;80
21;129
104;73
78;21
100;29
11;130
29;100
18;55
18;97
58;12
0;54
236;3
129;21
28;96
83;188
105;36
35;174
125;13
101;21
188;85
146;14
14;123
44;121
189;56
53;6
85;188
68;61
70;62
147;18
212;1
59;5
136;10
192;44
80;62
212;44
123;14
39;98
121;44
28;86
9;139
98;39
68;54
14;120
54;68
188;83
29;180
50;33
54;0
237;13
44;27
3;236
36;105
52;14
180;29
238;56
239;14
62;80
69;21
10;136
73;104
21;196
147;188
134;188
56;189
97;18
14;52
188;134
30;63
44;192
13;237
41;33
63;30
240;14
33;41
174;9
6;53
127;241
96;28
27;44
188;147
61;33
174;35
33;61
19;31
5;59
61;58
62;70
9;144
63;242
56;238
18;147
94;241
14;239
14;240
3;191
139;9
1;212
65;21
5;102
241;127
170;3
1;68
91;62
21;97
215;11
73;120
242;63
120;73
73;147
241;94
58;61
23;82
243;14
100;2
14;111
35;181
31;19
11;215
64;28
33;50
20;41
41;25
205;188
21;65
31;41
102;5
28;64
14;122
97;5
5;97
29;24
111;14
72;18
41;50
3;170
97;21
161;18
244;5
14;243
181;35
196;3
191;3
54;22
41;20
196;188
41;31
63;22
62;91
188;205
50;41
14;59
82;23
22;54
62;31
85;27
78;56
56;78
14;53
5;244
104;241
73;150
147;73
31;62
35;90
3;91
113;73
180;6
241;104
6;91
215;56
6;101
44;130
98;241
1;125
128;10
10;128
3;196
6;180
91;6
103;14
14;146
18;161
25;41
45;22
149;241
1;179
188;196
148;62
64;62
73;113
22;63
35;245
14;75
246;1
56;215
101;6
241;98
245;35
90;35
68;1
1;246
41;62
22;45
179;1
196;4
1;163
3;135
18;72
29;77
241;149
53;14
21;103
103;1
155;29
103;39
6;102
130;44
47;43
65;47
2;100
43;34
27;85
150;73
127;46
111;11
10;199
163;0
18;69
135;3
18;21
91;3
35;129
89;22
69;18
103;21
199;10
47;65
163;1
21;64
10;177
14;103
177;10
62;148
30;179
125;1
59;14
46;127
33;25
33;63
179;30
31;50
25;33
24;29
11;111
14;79
6;103
201;39
1;103
247;35
134;10
129;35
29;155
6;97
88;20
30;248
62;157
22;89
21;43
52;22
144;10
5;101
56;91
248;30
20;88
10;134
144;9
231;131
113;10
140;241
45;86
43;31
10;113
72;73
39;103
102;6
157;62
101;5
31;43
35;247
77;29
22;52
10;144
5;63
134;14
14;80
62;102
118;10
96;2
75;14
91;56
64;21
80;14
45;54
241;140
86;45
144;241
2;96
54;45
3;98
63;5
73;24
10;158
249;14
14;249
34;41
0;65
145;2
10;118
158;10
65;0
241;144
96;9
197;10
79;14
43;47
9;96
102;62
50;31
247;11
184;30
41;34
22;51
10;7
0;163
10;197
62;97
21;51
97;6
168;61
51;22
158;29
103;6
11;247
24;73
30;184
62;41
10;133
54;4
11;187
0;82
82;0
35;124
62;64
97;62
66;21
2;145
160;10
43;21
7;10
39;201
98;188
73;72
244;188
47;82
14;134
174;17
192;10
25;62
21;66
82;47
14;89
10;160
63;33
148;188
89;62
17;174
133;10
97;14
34;43
30;163
139;11
13;136
29;161
98;3
4;65
55;22
188;148
188;98
23;61
6;83
194;14
124;35
152;14
161;29
95;62
19;231
14;97
61;168
136;13
11;155
23;70
61;23
89;14
188;244
10;192
83;6
104;188
78;2
4;196
29;158
14;194
62;89
65;28
62;25
188;104
14;129
2;78
163;30
29;173
35;68
47;7
29;250
187;11
250;29
70;23
56;251
73;164
6;161
65;4
155;11
11;139
161;6
140;44
51;21
44;140
22;55
160;14
68;35
23;56
91;17
35;139
139;35
62;55
7;47
56;52
29;103
42;130
111;20
164;73
251;56
252;253
4;54
173;29
103;29
167;30
56;23
62;95
17;83
147;6
254;188
188;254
130;42
20;111
62;23
23;62
83;17
38;3
6;147
127;0
30;167
129;14
6;78
77;21
79;5
135;14
253;252
21;77
29;132
21;91
14;160
241;223
0;255
223;241
222;1
3;38
0;127
30;165
23;64
21;112
47;27
123;241
256;3
52;56
11;79
49;5
241;123
17;91
14;135
93;29
55;62
127;23
28;65
64;23
88;11
255;0
237;30
10;80
66;62
11;88
5;49
27;145
73;161
90;2
6;75
78;6
1;222
213;182
112;21
257;28
30;237
132;14
139;5
45;52
23;127
235;61
9;49
34;62
80;10
203;1
1;203
8;40
161;73
79;11
5;150
75;6
29;93
165;30
14;152
86;18
40;8
35;169
30;71
5;79
63;89
258;28
188;123
5;139
138;35
259;249
249;259
128;188
232;14
35;138
188;128
3;256
89;63
150;5
49;9
207;9
169;35
29;128
9;207
92;17
132;29
18;86
69;62
62;34
91;21
2;97
33;34
10;173
62;66
123;188
50;260
14;232
2;90
11;80
14;207
77;14
77;62
173;10
3;131
47;64
145;27
112;6
62;77
34;33
19;54
260;50
117;27
97;2
111;45
28;69
50;45
65;50
45;111
23;66
34;65
54;34
50;65
261;262
27;117
63;50
27;47
262;261
65;34
14;77
66;23
65;31
7;40
263;1
69;28
50;63
1;263
130;23
53;45
50;25
62;69
34;47
54;19
14;132
113;62
89;5
61;235
264;35
50;91
80;11
31;54
52;45
47;34
145;36
5;89
23;130
81;188
35;264
196;6
184;47
17;139
25;50
64;47
6;196
6;112
62;113
45;53
34;54
54;31
1;195
1;83
36;145
47;66
36;14
188;81
38;32
105;45
265;56
128;29
56;265
14;36
66;47
17;92
131;3
96;188
28;77
62;174
10;79
19;194
71;30
148;14
188;96
40;7
44;266
174;62
12;2
195;1
139;17
92;9
28;257
79;10
267;253
111;21
28;268
269;28
28;258
1;63
132;39
268;28
91;50
45;105
43;66
32;38
31;65
270;30
20;67
271;86
25;31
9;92
63;1
21;157
30;270
108;9
86;271
30;67
20;48
83;1
9;108
47;184
77;28
43;64
39;132
219;241
157;21
86;73
45;50
247;30
46;37
241;219
10;36
9;106
272;28
19;213
48;20
65;70
37;46
21;18
46;40
40;46
132;73
36;10
73;86
64;43
106;9
66;43
30;247
113;241
22;50
180;21
67;30
241;148
85;9
93;188
78;17
6;80
174;18
148;241
73;84
31;25
2;12
11;57
46;65
62;112
17;78
383;383
36;5
241;113
65;46
70;65
207;14
244;86
188;93
131;160
266;44
47;163
68;63
133;125
163;47
67;20
273;56
160;131
73;132
17;112
73;81
63;68
36;28
86;2
128;9
9;85
14;148
150;21
28;36
21;111
48;62
2;86
194;140
70;50
81;73
21;180
274;243
84;73
9;149
86;244
80;6
79;68
275;13
9;159
223;9
112;17
56;273
18;174
3;104
62;48
243;274
36;90
112;62
90;36
105;62
149;9
20;276
25;2
57;11
82;73
85;63
68;79
9;128
62;105
276;20
10;154
140;9
159;9
2;117
63;85
9;140
9;38
55;20
89;242
202;14
154;10
105;89
89;105
13;275
14;202
28;277
20;55
56;82
83;62
278;1
242;89
28;272
277;28
93;1
75;5
38;9
50;22
125;133
63;38
1;66
23;63
164;3
104;3
63;23
117;2
111;2
73;196
140;194
73;146
62;205
38;63
82;50
1;93
253;267
279;50
146;73
62;83
5;22
0;233
63;52
2;89
50;82
280;20
52;63
28;269
50;279
30;127
73;82
20;280
14;14
10;100
254;105
223;5
66;1
3;164
95;14
5;148
205;62
5;223
2;111
14;95
58;10
17;55
100;10
281;10
89;2
10;165
73;92
47;42
148;5
106;17
1;278
165;10
3;105
5;123
23;163
82;56
45;88
5;75
39;282
72;10
105;254
42;47
125;136
22;5
54;187
105;3
92;73
163;23
205;3
60;30
10;58
233;0
127;30
63;139
10;281
187;54
136;125
113;3
196;73
160;19
123;5
207;61
21;92
112;2
283;28
36;22
30;60
3;205
33;69
65;37
37;65
55;17
88;45
5;96
96;5
92;21
10;72
139;63
111;6
86;9
17;103
194;199
3;113
69;33
284;30
2;112
38;0
2;101
61;207
282;39
6;30
33;105
232;9
20;244
285;29
30;284
131;199
17;106
199;131
244;20
30;6
17;86
10;163
137;10
141;18
77;2
68;20
286;28
201;28
287;28
20;89
103;17
27;105
20;75
24;7
44;253
79;57
2;102
9;86
9;232
89;85
105;27
50;70
20;288
103;22
89;20
2;77
179;263
253;44
105;6
10;137
288;20
188;289
159;3
3;159
86;17
134;54
54;134
232;10
102;2
85;89
101;2
20;105
98;6
129;2
57;79
31;64
2;48
263;179
105;20
2;129
105;33
64;31
289;188
29;285
150;6
75;20
18;141
131;10
10;148
119;241
10;232
125;241
34;64
241;125
84;14
64;34
6;98
3;247
94;30
50;265
52;17
28;201
68;6
34;31
10;131
28;286
241;119
163;10
48;2
265;50
28;283
30;290
132;241
247;3
7;24
148;10
157;2
2;157
241;132
291;43
68;57
30;94
292;14
195;278
43;291
66;31
278;13
293;43
22;143
57;105
89;33
159;199
261;290
241;133
14;292
43;293
53;105
199;241
105;57
294;39
61;285
11;100
131;231
290;30
241;199
50;295
290;261
1;88
10;159
296;43
159;10
43;296
143;22
133;241
10;97
13;278
50;77
57;68
14;297
259;298
299;21
295;50
39;294
297;285
9;247
26;28
298;259
4;6
14;84
100;11
300;50
18;43
56;68
105;53
21;4
301;35
302;50
299;4
15;35
50;302
4;50
188;112
285;297
11;303
241;136
105;75
22;103
304;2
2;304
136;241
303;11
77;50
105;88
305;39
112;188
289;33
199;159
97;10
72;105
260;300
46;93
105;72
278;195
28;287
285;61
88;105
75;57
29;105
247;9
235;80
253;23
68;56
131;29
66;34
42;0
6;111
39;305
80;235
31;66
5;38
297;61
113;207
60;65
23;45
50;306
34;66
306;50
21;247
188;188
31;34
50;300
247;21
303;307
105;29
255;184
308;50
65;60
309;27
29;131
20;68
310;52
57;75
52;310
311;12
307;303
97;105
27;309
312;188
154;188
105;97
109;313
115;105
75;105
94;188
2;25
188;312
105;289
50;308
38;5
207;113
237;16
41;271
45;63
28;17
271;41
314;11
12;311
179;10
241;60
11;314
10;179
29;139
300;260
135;73
59;20
33;103
105;59
63;41
73;135
16;237
166;188
41;63
55;25
36;2
30;61
188;94
315;13
117;73
281;70
28;70
105;115
70;281
35;35
40;1
24;24
2;23
73;117
188;154
297;14
174;86
86;174
103;33
70;28
13;315
73;73
308;316
317;316
184;255
313;109
14;55
21;299
116;105
188;166
318;21
0;131
1;155
10;10
53;20
46;173
319;10
50;282
55;14
28;26
2;36
320;188
315;275
2;321
314;322
4;21
320;242
321;2
6;128
14;48
41;54
105;18
322;314
281;50
105;116
143;12
105;52
275;315
48;14
106;41
253;60
62;287
323;319
10;323
199;9
240;292
64;324
61;297
266;216
28;82
14;86
131;0
13;16
96;6
208;104
19;160
139;29
63;45
70;2
41;8
26;17
162;105
27;51
6;4
47;46
98;12
1;70
19;266
58;105
105;58
146;6
324;64
33;1
309;3
67;54
300;317
86;14
25;105
105;25
6;96
325;39
39;325
9;199
9;197
95;105
2;64
1;33
2;70
33;289
75;68
105;95
318;4
21;6
44;31
92;77
292;240
223;324
111;1
54;41
282;50
79;105
6;146
105;79
10;105
14;197
68;75
70;83
30;77
50;281
317;308
289;105
23;2
242;320
302;317
188;320
1;135
81;33
205;242
1;40
326;43
10;319
116;6
46;34
38;47
107;223
152;242
13;111
223;327
4;299
328;284
31;46
19;64
12;91
152;188
12;143
78;105
50;307
30;97
329;11
23;54
59;105
101;105
307;50
43;326
6;116
105;101
56;15
41;38
150;242
46;31
53;68
330;39
317;50
0;88
317;302
64;2
105;10
188;45
105;147
51;27
2;116
326;291
1;247
147;105
17;128
63;105
242;205
60;12
105;63
287;62
0;223
28;28
10;96
135;1
54;65
3;309
33;102
48;101
54;67
5;36
48;55
0;52
1;1
66;2
4;64
30;15
319;323
30;96
105;78
81;115
324;223
77;30
306;39
92;69
247;1
75;331
1;197
13;76
62;283
120;15
174;223
72;5
45;150
332;333
212;332
66;64
17;77
291;326
163;56
30;134
128;46
317;300
242;152
65;93
223;174
46;64
242;150
39;306
46;128
15;120
2;91
45;188
16;99
334;13
2;16
52;33
91;2
18;116
43;212
205;105
28;66
116;18
19;34
38;39
223;335
336;337
96;69
44;60
1;75
26;89
174;105
33;89
73;105
30;156
45;60
85;15
11;11
105;174
121;46
30;168
63;63
41;52
105;102
46;74
21;318
295;302
69;31
46;121
6;21
102;105
105;162
63;102
332;212
170;223
333;332
1;16
338;13
45;102
15;85
150;4
0;64
17;114
63;127
171;64
5;72
67;16
97;67
16;13
9;105
66;93
43;46
316;308
45;162
0;159
84;27
30;107
30;113
75;339
70;0
302;295
43;62
101;48
45;25
16;265
105;205
196;14
27;84
129;89
70;1
105;48
51;25
283;62
188;152
46;66
12;147
6;66
16;67
15;56
102;85
339;75
43;340
88;68
147;12
149;194
13;341
105;73
114;17
83;70
101;106
315;334
41;77
16;10
0;111
20;101
46;82
30;223
26;70
31;69
38;125
316;342
40;34
45;67
23;99
133;127
74;76
47;56
1;76
25;85
188;25
45;45
6;82
343;26
106;101
85;102
173;25
40;82
16;11
50;317
46;69
308;302
290;144
25;188
194;149
10;89
33;81
1;138
267;252
64;19
17;196
13;334
2;66
16;1
85;29
1;131
272;45
29;43
53;78
43;241
67;45
4;43
26;328
149;139
40;50
67;76
102;101
30;68
14;88
2;106
327;13
63;150
18;18
39;105
25;74
323;10
159;0
81;85
308;317
30;52
67;43
189;177
3;37
93;46
18;77
34;46
0;138
51;9
105;4
85;25
3;197
64;46
50;83
36;85
17;64
331;75
88;134
22;66
212;43
20;65
105;9
77;31
78;235
344;64
85;36
13;99
344;170
14;259
199;149
41;36
18;70
223;85
26;343
175;105
93;64
17;158
22;49
115;81
241;46
189;22
46;241
8;46
39;39
17;28
83;50
101;86
12;96
164;1
1;69
18;85
36;45
56;16
20;59
93;50
302;308
48;105
61;28
20;78
105;188
188;105
46;54
104;64
64;173
64;93
127;63
9;178
337;345
173;64
45;36
66;46
10;150
34;189
40;83
45;272
334;315
12;102
194;139
30;99
101;34
34;265
62;43
14;196
26;38
260;302
14;328
15;65
8;62
25;101
335;223
30;69
67;66
5;327
131;1
47;31
21;128
64;171
16;56
89;26
85;86
30;91
13;253
0;68
259;14
29;85
64;45
92;41
19;138
27;27
12;97
22;116
50;60
42;38
197;14
1;52
82;64
86;85
20;128
196;17
241;253
34;177
327;223
105;39
28;106
194;144
60;241
17;129
129;17
105;346
54;77
64;179
20;116
22;31
45;8
8;45
125;38
88;102
20;64
35;176
20;97
134;1
19;97
25;1
292;229
50;330
83;12
342;316
241;10
105;81
12;64
116;25
69;96
235;78
101;67
41;83
82;94
19;70
69;66
150;93
19;76
62;62
1;111
38;34
60;87
54;85
65;39
38;54
68;25
41;64
50;4
103;132
2;2
74;46
9;9
39;92
85;39
45;43
42;64
41;148
108;41
38;42
26;82
346;173
147;5
347;3
118;212
19;158
34;69
17;65
50;171
173;70
10;92
253;38
41;101
56;30
53;57
212;118
5;114
3;158
269;269
76;64
33;90
21;93
25;150
340;43
46;346
45;57
150;85
50;69
330;50
196;41
16;70
241;241
8;241
93;70
5;147
20;102
20;66
26;16
308;300
253;13
348;38
283;287
349;39
94;137
340;326
89;129
41;43
36;33
302;260
44;45
201;46
33;93
20;114
22;34
39;46
9;196
105;175
30;104
196;327
42;76
23;223
229;292
148;41
27;329
30;138
46;39
188;116
57;45
46;178
61;61
2;104
46;201
178;46
70;93
74;64
326;340
97;93
86;157
64;111
46;78
125;248
12;52
48;85
4;69
85;48
28;61
4;56
46;97
1;77
30;54
56;28
63;54
13;178
129;5
269;21
1;87
33;64
46;60
139;149
85;223
46;106
39;82
46;76
47;45
46;43
120;2
0;67
52;89
188;20
116;188
42;69
223;242
145;25
350;66
39;111
241;56
44;34
46;92
51;16
1;271
59;78
54;15
23;74
46;56
57;53
47;74
105;26
20;43
351;171
41;105
62;15
54;63
241;142
16;54
59;53
101;102
271;1
158;64
86;242
35;15
33;85
6;114
68;89
102;33
76;19
54;54
25;36
35;150
21;47
15;54
17;72
85;33
19;111
66;77
337;336
75;59
59;63
39;85
30;88
105;41
14;16
329;27
215;189
38;64
21;82
22;60
35;188
188;35
34;85
39;349
111;4
300;308
62;85
52;85
19;137
85;34
290;284
14;150
85;62
46;185
163;46
54;16
35;125
60;42
19;88
47;69
1;36
157;6
13;269
68;102
85;54
83;54
63;25
70;46
253;19
33;52
148;54
18;37
14;274
75;53
46;163
46;99
35;197
64;82
99;16
27;114
43;69
62;128
241;43
21;85
164;50
67;64
66;289
88;79
139;194
16;51
40;23
72;45
40;43
157;86
26;105
135;64
289;66
36;63
149;44
38;26
0;113
265;39
19;45
149;199
170;344
23;96
1;178
91;82
18;65
41;19
0;149
156;23
241;34
67;105
320;105
85;21
56;150
70;26
23;156
46;96
69;30
0;41
88;57
46;50
1;161
12;89
63;36
41;82
77;66
1;74
23;93
29;171
29;71
23;158
73;46
11;188
188;11
62;82
75;33
23;111
18;78
149;0
43;121
5;116
23;33
143;101
41;106
50;46
97;31
23;150
4;97
156;28
14;99
90;33
75;89
346;105
104;30
27;60
23;52
19;223
36;55
55;150
34;22
39;150
40;49
19;351
59;75
13;101
143;352
64;66
353;51
13;91
18;114
65;125
23;241
143;85
13;223
30;83
68;53
85;143
48;5
5;196
189;19
63;101
69;101
111;26
19;354
47;39
76;47
61;30
25;161
35;196
125;65
36;41
147;22
54;57
4;113
41;89
67;128
27;43
25;116
30;93
48;150
22;48
19;41
123;51
167;44
26;102
12;111
67;77
66;132
10;16
30;327
124;69
54;105
63;171
42;82
147;26
17;49
49;17
121;43
105;54
92;16
82;223
4;89
72;17
16;14
18;82
50;52
101;112
13;158
162;45
3;94
140;131
171;74
181;74
134;93
36;52
45;59
103;143
252;267
12;16
51;223
3;347
23;125
40;97
66;103
66;54
25;145
11;113
131;139
30;336
97;102
48;25
43;138
291;60
12;101
108;49
56;105
105;56
107;355
125;23
77;103
205;107
25;45
223;82
74;181
23;138
33;116
50;15
289;56
39;330
189;215
1;91
28;93
23;68
345;337
205;350
4;4
74;50
89;41
70;54
13;92
89;90
34;116
241;13
57;97
111;34
48;12
113;67
90;89
155;14
10;78
4;318
134;88
105;61
101;143
51;105
30;170
23;57
164;120
143;106
61;105
18;64
82;178
95;20
51;93
17;124
68;77
56;46
73;15
70;223
105;67
54;23
124;17
106;143
83;98
1;99
308;46
23;122
49;176
36;150
45;97
42;39
169;46
38;70
19;60
176;60
185;74
50;223
20;150
43;356
352;69
56;111
57;50
41;90
66;352
88;78
327;5
83;46
64;138
155;91
24;109
46;83
46;169
12;128
46;308
70;82
23;87
60;291
39;53
75;78
0;0
351;181
329;16
14;253
89;93
112;101
70;150
120;357
12;66
30;335
48;93
67;101
67;150
189;111
9;110
56;65
36;101
105;320
45;69
97;143
99;34
164;54
44;54
22;86
99;46
50;93
5;124
168;46
92;31
46;168
8;56
241;158
181;351
70;104
188;352
66;51
284;290
114;260
46;67
158;17
70;25
196;22
13;75
63;93
42;65
28;15
40;87
64;38
149;140
68;52
13;150
143;112
54;189
260;317
5;43
20;34
53;54
18;66
76;31
260;114
26;116
43;33
18;128
28;90
132;46
40;70
69;93
19;96
46;132
120;98
18;126
54;70
54;150
45;171
44;149
53;25
223;46
6;6
46;223
96;67
67;143
46;14
52;101
58;150
97;128
16;46
54;66
0;75
98;120
78;173
351;74
55;33
68;93
74;351
67;139
46;16
28;342
46;29
16;92
45;173
59;95
0;69
12;83
90;102
19;104
64;358
44;70
59;68
143;67
351;83
215;46
241;35
67;97
300;39
59;320
19;69
42;43
6;77
138;46
112;31
21;123
46;138
29;15
27;38
134;68
26;90
57;150
210;112
45;23
316;317
28;205
70;138
18;173
28;56
11;253
69;85
17;223
205;28
62;46
208;70
9;51
5;91
5;188
85;101
143;103
43;54
120;164
70;171
34;82
46;70
112;210
9;359
125;127
244;81
76;66
63;43
128;15
18;154
101;85
54;52
28;24
102;26
90;26
54;111
82;43
43;25
6;64
2;65
74;19
159;149
110;44
91;155
46;62
63;148
45;89
14;106
0;104
360;344
14;155
69;43
14;15
0;76
111;85
311;145
85;52
76;67
1;25
63;58
147;93
55;101
145;176
45;85
68;269
1;96
135;96
114;124
31;351
253;1
357;98
12;99
15;342
65;74
46;61
107;82
10;342
57;93
31;265
97;101
64;27
2;187
61;46
223;11
46;108
39;342
16;2
26;76
31;112
50;102
58;96
85;45
20;53
69;77
35;91
120;91
1;213
210;67
111;189
75;102
62;353
10;138
3;76
69;114
1;89
45;41
61;51
53;52
59;150
223;24
98;357
41;45
54;47
14;105
4;66
53;65
361;290
226;10
171;260
85;81
223;362
40;104
52;64
23;83
85;111
105;14
6;185
54;164
106;46
18;93
151;119
27;148
2;128
63;77
95;78
56;60
10;91
90;101
0;53
65;64
75;173
119;19
9;328
64;85
111;157
164;155
253;40
46;73
197;43
29;65
54;93
93;23
223;189
144;104
56;171
11;75
103;31
27;154
71;71
101;97
51;61
40;67
45;257
43;363
85;93
52;26
265;83
223;43
14;353
83;171
92;46
27;93
25;48
63;111
21;106
84;78
63;64
67;52
43;223
28;128
20;77
46;77
87;34
57;54
77;46
161;22
9;301
63;173
46;63
45;157
35;88
64;260
363;43
121;34
25;99
151;94
45;364
91;120
64;74
68;19
2;85
269;88
139;67
12;23
14;178
40;60
19;336
18;138
90;28
46;41
57;25
364;64
41;46
34;70
18;16
16;63
27;128
1;104
121;38
21;269
43;45
36;128
56;104
50;329
42;74
134;85
112;143
8;197
45;107
30;56
50;85
26;97
67;96
51;134
91;164
3;99
145;311
52;138
64;61
38;189
85;134
60;99
60;46
85;205
67;85
205;85
128;97
81;105
87;64
38;16
1;329
11;205
35;116
1;92
164;91
34;111
89;54
67;46
241;65
63;91
85;67
53;59
85;18
97;64
185;46
85;66
265;31
93;123
223;344
50;74
15;74
74;87
111;39
35;59
38;353
64;41
74;15
241;8
54;53
357;14
365;30
22;101
366;338
31;124
77;128
66;22
12;88
88;26
128;155
14;357
257;45
61;144
22;128
17;17
359;14
40;94
88;12
52;116
64;344
45;93
48;52
19;53
69;34
42;34
64;54
99;3
40;93
159;140
367;361
39;102
83;64
38;253
30;76
21;154
41;49
356;43
33;115
107;46
133;46
35;123
46;205
64;51
360;355
74;189
91;341
260;64
341;91
53;150
124;106
155;164
33;161
64;181
70;177
67;176
92;10
105;69
14;69
45;269
9;185
60;138
161;33
91;63
67;42
177;189
89;69
171;83
11;53
15;128
45;134
45;77
18;115
10;226
0;70
26;60
46;107
39;212
188;101
67;210
97;347
26;147
347;112
45;83
134;45
0;137
30;78
191;133
30;16
260;74
326;87
26;55
265;351
24;104
69;105
347;97
39;158
51;83
67;111
70;34
41;60
74;173
44;91
16;42
253;47
344;360
87;326
17;66
17;31
46;58
194;131
156;91
54;101
6;223
139;128
128;139
353;14
182;125
212;300
173;74
212;241
77;67
31;169
84;134
66;70
306;305
39;300
34;38
171;351
8;28
43;82
1;253
0;156
265;34
155;98
341;98
70;91
39;76
10;101
41;128
50;132
265;12
93;66
106;238
87;138
42;60
33;368
106;114
74;260
55;54
59;25
52;105
335;196
284;328
95;52
98;155
176;97
79;67
187;39
34;104
120;3
358;9
76;15
3;120
89;52
75;84
55;48
34;96
98;341
105;50
22;161
18;94
98;91
20;188
368;33
94;19
15;28
63;82
20;46
104;70
335;107
67;217
290;361
369;370
20;24
83;260
40;61
66;69
111;89
34;124
69;45
13;351
6;15
164;63
34;52
26;223
65;42
85;124
67;57
22;147
103;77
35;105
128;64
15;70
93;21
47;220
4;102
77;106
14;139
65;54
52;25
82;197
251;16
64;327
70;60
28;156
64;128
55;134
33;139
76;34
327;64
357;164
67;82
65;66
64;65
105;35
138;76
103;101
23;49
106;189
44;69
8;73
25;102
223;128
114;106
20;20
34;138
3;3
73;8
143;97
44;158
2;83
135;83
13;89
0;89
1;59
98;45
38;41
50;178
57;57
189;60
20;328
12;150
47;97
84;61
1;137
85;41
51;82
351;31
83;51
22;74
62;42
85;10
50;89
47;96
13;96
161;1
89;36
24;94
66;350
41;168
9;119
269;68
23;6
17;69
58;148
53;102
41;102
68;59
168;41
128;34
69;64
39;171
140;29
26;52
97;223
53;23
101;69
106;347
45;64
113;21
54;301
28;328
10;88
63;359
80;67
72;102
145;124
103;45
111;17
20;82
54;196
83;16
22;16
1;116
89;147
101;26
9;114
223;61
48;189
106;69
40;54
63;31
102;20
54;125
213;38
53;33
30;253
351;265
64;371
23;89
14;96
44;96
45;128
148;134
125;54
64;0
133;136
1;101
52;52
89;67
21;83
57;111
1;53
112;103
67;171
31;82
4;91
10;156
156;10
59;45
60;45
347;106
205;14
98;54
188;181
88;72
45;75
23;116
188;15
181;188
15;188
51;188
6;253
41;155
106;112
83;59
45;98
0;197
49;193
188;31
188;51
25;92
31;188
372;2
87;13
2;372
38;213
51;373
51;111
289;115
61;171
57;82
47;108
115;289
353;26
200;26
60;189
260;83
25;59
23;351
37;28
27;106
196;77
52;54
98;82
51;72
47;116
91;364
324;91
27;37
83;265
4;101
48;4
66;355
26;200
40;26
72;97
223;97
43;49
15;73
82;22
11;196
355;327
188;87
87;188
18;188
125;182
52;221
328;262
110;71
223;23
106;28
213;1
102;90
427;427
253;30
149;167
76;138
50;57
82;57
111;188
30;328
1;223
75;150
305;306
88;269
67;89
161;102
160;144
4;197
0;5
14;205
199;3
95;101
135;67
166;54
181;64
119;151
181;70
3;232
173;123
60;92
211;147
232;19
362;223
17;26
19;113
164;357
52;112
188;111
95;111
103;124
58;45
101;50
13;104
106;193
30;75
131;116
105;51
92;60
67;91
16;38
271;13
48;68
140;149
128;223
68;97
24;61
351;23
38;192
38;14
188;18
99;99
40;116
113;15
35;154
50;101
156;61
373;67
90;69
25;89
269;45
83;28
237;43
77;34
31;103
164;86
2;99
171;22
99;31
188;194
28;173
226;38
104;2
194;188
31;76
173;265
50;42
270;10
128;67
176;67
91;67
216;266
125;111
173;28
2;374
63;98
81;126
86;164
38;226
68;181
45;15
135;173
188;74
45;19
40;253
5;42
23;69
181;83
41;124
79;45
139;14
82;34
173;104
67;103
265;181
173;181
51;196
196;170
241;38
74;188
106;210
41;42
70;67
158;23
118;39
28;83
89;89
23;53
103;128
210;106
16;251
42;41
59;86
43;171
54;166
111;125
62;65
265;173
87;74
56;188
26;101
181;68
24;223
79;150
41;113
69;102
157;59
208;208
28;208
208;28
73;197
107;31
5;58
39;118
22;215
27;76
39;101
1;6
44;44
344;223
47;26
33;113
53;39
320;53
82;134
24;214
58;139
113;41
76;0
78;22
63;16
0;57
20;15
28;253
44;217
352;101
23;97
43;67
46;47
112;106
41;0
113;11
188;56
73;37
22;37
25;63
5;55
74;67
199;73
65;128
22;78
5;64
48;22
88;75
55;116
0;15
23;91
348;348
91;23
274;14
42;5
215;22
90;11
19;375
76;3
42;116
359;51
351;35
2;289
42;253
354;19
57;42
31;77
85;132
124;103
72;54
36;25
12;82
72;107
67;74
289;2
20;122
14;285
242;223
17;150
149;159
36;48
97;124
121;47
171;43
42;16
351;19
12;114
24;158
54;83
14;102
52;102
97;139
51;353
44;41
20;185
12;197
106;171
83;181
213;125
3;238
289;35
357;120
125;213
64;4
348;376
123;39
52;128
13;134
93;132
163;165
78;118
213;65
120;173
19;150
21;114
127;127
359;73
25;148
44;111
72;28
33;77
197;1
188;90
164;98
104;185
98;164
27;82
148;22
41;66
241;16
17;300
83;327
122;173
40;56
116;56
17;122
65;213
25;52
253;42
376;24
82;26
20;40
241;39
300;17
122;17
4;77
185;104
113;0
16;171
66;82
28;94
13;94
2;94
47;118
20;327
69;92
251;289
19;87
327;241
45;44
328;367
301;26
23;23
33;83
22;148
26;134
94;28
132;50
120;104
30;281
77;54
134;0
113;146
22;36
91;94
60;22
30;118
45;123
42;57
15;15
46;120
98;173
121;91
86;76
78;158
30;230
41;191
85;96
104;43
73;106
93;139
289;251
128;50
289;41
210;103
49;22
97;193
24;31
29;327
56;116
359;9
31;107
35;289
41;289
154;173
241;173
83;33
289;93
168;93
188;76
113;154
20;140
15;63
86;52
125;42
103;112
83;83
49;124
83;45
68;134
39;377
4;81
30;137
189;64
42;99
102;161
37;20
65;118
171;327
103;238
2;60
260;35
169;74
30;87
92;13
98;76
67;154
112;52
253;113
47;158
42;96
50;128
253;134
28;139
91;137
5;98
101;103
103;82
23;94
40;16
373;29
54;91
94;119
121;42
39;42
134;26
328;10
137;270
6;269
327;83
89;102
241;208
352;347
83;139
131;50
70;77
97;77
347;352
22;378
379;0
43;178
119;30
327;171
54;82
68;66
91;121
54;335
5;205
65;205
205;65
26;301
19;92
271;91
57;38
113;253
2;37
111;93
121;93
300;93
287;283
73;328
26;113
223;260
97;191
77;148
36;102
46;45
38;53
23;134
171;28
76;50
134;18
98;5
205;5
2;82
52;12
70;31
124;11
238;3
11;176
91;271
63;157
4;156
36;114
265;260
46;111
9;208
1;134
111;134
140;199
47;99
28;171
113;12
70;66
21;125
5;215
78;51
17;51
43;56
17;37
106;93
271;328
6;68
70;4
15;6
139;52
123;223
56;88
22;156
62;114
11;158
46;48
4;59
12;124
73;128
42;134
77;139
128;104
24;54
48;86
23;133
9;380
112;12
0;66
79;75
42;379
50;138
68;116
38;57
161;9
15;29
33;301
69;289
10;120
12;38
29;76
92;76
10;328
120;271
40;223
12;113
25;114
88;61
31;49
29;373
92;39
147;89
57;102
134;96
11;124
104;128
26;139
13;98
112;352
177;64
15;30
378;22
2;123
301;9
357;29
87;60
21;60
155;120
42;87
59;122
23;76
79;101
120;155
54;113
67;113
41;97
360;376
253;39
58;69
289;69
25;128
0;214
268;14
128;41
132;90
66;0
21;178
23;178
120;5
16;5
30;151
44;66
95;75
112;309
44;138
35;57
171;56
134;253
68;101
84;68
64;44
47;223
97;129
69;89
41;96
35;53
60;47
6;139
106;77
49;77
25;34
327;34
26;336
4;90
30;103
121;64
18;178
29;197
378;5
92;66
28;125
15;108
210;215
64;123
57;65
10;209
2;76
215;210
9;271
44;6
137;44
44;52
261;361
51;128
209;43
197;106
78;139
105;139
77;1
6;34
1;132
145;90
139;105
78;46
57;66
30;215
271;9
327;29
209;60
271;120
30;74
78;38
173;147
332;19
2;229
50;224
82;44
381;27
205;27
209;10
224;67
11;220
19;220
23;220
74;40
15;96
11;332
60;128
33;134
33;43
200;77
294;104
128;103
66;171
40;346
31;181
156;22
238;382
147;70
89;66
149;31
64;20
22;123
143;238
11;116
346;9
128;60
97;363
44;74
64;87
229;2
131;140
269;176
48;63
47;63
96;52
53;42
16;26
4;61
55;89
1;208
93;28
69;106
208;1
142;34
38;78
91;54
44;64
36;99
58;171
56;36
4;82
77;12
101;12
38;12
59;66
77;193
36;31
45;118
21;21
51;300
155;271
58;52
271;155
34;49
150;89
106;124
77;43
57;43
20;143
300;34
191;103
42;54
113;25
5;378
342;64
45;178
83;30
33;82
89;181
121;31
260;16
18;342
89;238
93;138
60;57
160;135
5;120
30;173
44;76
54;217
135;328
189;176
66;63
28;85
13;213
18;224
149;268
77;200
52;114
6;10
188;61
140;220
63;189
5;69
181;89
22;96
65;96
25;47
26;128
294;137
103;50
83;77
104;358
41;99
124;30
215;5
42;66
48;193
221;196
137;294
15;21
56;123
352;238
13;138
148;120
9;74
76;13
39;253
89;101
53;63
253;8
9;224
61;88
383;384
29;357
102;96
176;45
100;139
164;14
385;386
238;352
40;171
69;5
134;82
28;181
327;12
28;16
166;180
140;167
11;167
3;138
73;131
66;38
49;33
15;93
223;93
49;217
89;217
41;328
68;88
44;26
16;260
57;23
16;83
43;96
127;47
215;128
42;128
44;134
39;134
85;28
171;106
97;106
83;90
78;54
14;164
83;197
15;36
113;46
101;387
22;256
40;20
9;329
173;194
66;60
60;289
139;173
19;74
57;33
44;93
112;93
19;154
6;328
387;101
97;210
59;52
54;223
128;42
388;26
387;27
46;113
210;97
6;158
41;189
188;69
112;69
79;83
238;89
61;89
39;47
51;106
199;139
139;199
15;50
167;1
358;104
1;78
301;54
12;178
103;66
19;123
23;342
12;327
36;116
93;15
12;92
134;173
0;91
176;56
14;241
360;13
269;13
0;93
101;52
150;157
53;88
269;27
380;23
27;269
95;134
103;347
147;90
347;103
113;54
77;64
19;178
124;5
130;82
82;46
148;46
14;72
19;380
43;123
41;116
39;60
389;60
57;60
181;182
90;147
113;19
51;253
380;19
51;328
76;328
41;176
56;176
50;68
84;150
116;359
25;113
363;97
120;10
91;10
5;48
46;148
53;111
54;96
24;47
27;134
116;41
75;54
341;164
30;178
70;178
301;5
123;46
85;58
104;294
20;138
188;9
380;363
134;33
281;76
13;154
194;119
19;328
58;85
39;44
16;44
19;52
64;52
11;223
390;223
57;88
196;221
391;27
364;357
223;376
175;269
89;128
5;134
46;134
16;28
149;43
53;50
224;50
77;41
76;281
392;54
23;185
11;105
114;5
241;82
294;94
125;366
281;31
25;58
366;125
94;294
46;123
30;212
45;101
98;63
147;52
174;129
54;97
42;97
135;39
106;48
90;83
269;175
60;124
108;106
48;106
164;341
23;137
83;132
54;98
60;64
47;178
6;178
223;393
33;70
33;66
52;31
83;20
57;58
26;388
40;65
58;57
39;202
289;60
10;316
394;56
5;19
12;19
101;93
108;76
95;68
221;52
61;223
182;42
102;88
64;69
232;144
42;50
36;77
102;41
61;41
31;281
42;78
47;197
58;82
7;46
173;46
68;70
363;380
36;66
67;309
61;31
128;31
6;31
6;118
121;205
301;29
251;60
5;301
189;107
23;363
57;173
47;136
66;188
59;33
149;37
7;37
2;154
176;210
10;6
41;44
40;150
61;24
40;62
131;260
0;79
189;124
31;128
21;139
11;104
25;86
85;64
130;165
14;46
37;232
5;16
20;16
205;121
57;177
40;138
260;131
22;57
25;57
67;60
51;35
136;107
107;136
59;93
357;271
31;149
126;141
13;52
144;223
63;155
124;114
363;10
42;61
5;23
18;96
123;96
60;389
150;45
67;144
93;128
63;128
58;134
9;341
101;41
23;5
19;5
181;46
46;181
341;20
363;11
106;16
111;177
19;342
63;205
395;107
67;120
42;173
147;91
22;91
144;19
128;93
49;76
54;154
10;278
45;42
61;150
364;155
22;97
27;158
188;174
121;338
92;34
23;78
68;64
173;0
346;46
69;46
223;72
61;22
19;12
188;66
60;66
67;215
38;21
82;123
31;238
59;57
155;364
17;15
1;301
29;301
10;363
13;182
54;209
6;122
25;93
14;224
44;223
72;223
211;150
271;357
64;67
215;67
26;83
25;83
60;83
50;53
178;43
50;139
87;1
114;41
27;104
242;86
62;178
39;178
85;99
10;366
111;118
73;121
15;121
5;65
83;138
396;9
324;344
0;74
60;38
33;76
40;328
44;328
53;101
66;85
188;62
95;97
195;10
366;10
150;211
144;61
62;158
55;69
9;396
118;111
189;106
39;353
0;77
20;336
111;64
25;0
88;164
271;164
25;171
31;171
327;46
182;181
59;22
23;380
97;12
23;12
1;167
108;92
364;91
182;13
210;176
0;63
99;85
188;68
144;44
67;44
343;223
33;129
46;26
25;189
67;83
85;148
111;102
31;102
173;338
34;77
43;41
19;78
191;64
5;99
34;99
103;30
68;161
26;46
338;46
46;215
66;123
46;327
23;167
70;92
36;122
155;63
148;85
17;52
205;223
386;223
164;88
131;195
120;67
21;158
41;23
197;40
58;83
100;191
56;175
191;100
111;41
23;41
47;78
70;105
27;64
45;164
67;36
54;346
51;66
33;75
19;16
13;118
359;21
44;131
22;15
171;173
223;173
19;91
69;188
301;13
16;19
35;37
199;140
29;328
120;85
131;44
62;223
5;129
149;195
156;230
215;273
41;111
34;128
132;128
66;128
86;81
81;41
128;132
42;98
37;78
0;99
173;171
140;82
270;82
105;70
128;66
51;58
67;123
40;342
66;342
223;397
47;131
13;131
39;57
85;120
13;74
42;56
68;188
62;188
12;234
85;147
57;19
346;93
65;63
46;8
88;44
38;27
57;67
57;39
82;270
196;59
131;47
104;254
17;43
60;251
60;41
108;46
363;94
82;31
301;31
366;121
39;65
40;167
59;38
9;217
352;210
147;85
366;42
270;221
309;112
221;270
139;96
46;338
41;351
22;106
33;106
309;143
6;353
134;41
221;41
210;352
335;360
189;360
346;78
58;64
38;178
74;171
178;82
85;72
42;94
35;94
20;80
42;366
121;366
36;75
67;329
19;57
2;107
94;363
105;91
138;2
137;19
20;217
132;85
93;85
54;224
361;367
2;223
72;88
59;84
105;148
51;89
56;47
41;134
100;254
104;100
21;142
64;77
125;77
224;14
254;104
100;104
148;105
142;99
182;46
366;46
29;94
46;366
67;70
106;12
143;309
39;194
132;194
254;294
2;138
189;344
17;60
46;182
213;37
22;176
43;52
73;359
22;114
38;61
6;49
194;39
147;174
57;59
90;124
15;45
294;254
64;100
66;41
6;105
85;16
145;186
69;123
33;37
108;176
16;85
72;85
69;52
41;221
77;129
94;67
91;83
49;148
107;45
46;28
47;137
247;50
148;78
64;25
43;99
67;94
253;11
52;58
188;60
70;38
60;188
378;13
64;33
4;93
86;93
137;119
62;247
83;223
98;61
369;398
58;128
270;137
9;160
101;90
25;90
56;98
54;78
69;185
60;0
221;94
68;58
215;121
46;116
39;74
27;381
42;182
116;93
93;76
116;101
101;210
97;85
27;213
270;149
31;52
189;223
85;97
82;40
59;39
149;270
220;137
111;50
58;77
85;77
351;41
47;104
194;132
18;185
371;82
254;94
100;94
27;70
35;118
42;342
54;74
46;87
85;2
65;182
30;182
23;182
94;221
31;150
181;10
3;260
119;144
105;134
357;28
41;81
6;106
44;104
111;54
132;94
128;2
6;13
41;217
111;176
92;6
82;376
49;189
54;148
205;148
31;89
88;53
101;134
90;377
92;106
94;100
64;199
61;34
377;90
107;360
139;46
215;366
64;22
182;121
366;215
17;123
182;65
74;138
138;60
33;120
121;182
384;383
57;63
141;190
139;85
116;85
86;26
20;359
390;369
63;69
52;59
4;128
181;28
94;254
46;139
49;41
26;86
126;18
106;181
68;94
13;366
20;118
121;215
399;138
85;116
42;91
128;182
94;68
113;27
50;97
28;357
1;112
137;220
52;48
95;59
37;45
137;47
120;28
52;139
138;50
72;14
94;132
148;360
77;125
153;153
35;342
14;138
0;60
45;92
10;188
37;33
155;114
34;270
4;230
175;89
157;111
39;124
92;45
155;128
150;139
188;34
41;104
67;352
223;343
10;181
43;70
67;75
107;335
45;138
111;60
39;301
37;74
74;37
140;328
176;62
26;158
20;139
129;41
60;178
29;178
182;30
54;46
42;70
85;31
30;342
104;131
52;51
31;85
92;85
161;68
66;52
213;27
64;369
65;49
12;189
143;69
51;400
59;54
386;64
196;5
33;36
37;167
25;138
357;364
16;7
74;13
333;212
91;147
155;401
97;189
76;69
53;269
62;187
102;148
148;102
56;134
48;134
43;163
33;341
131;104
45;103
21;197
77;22
45;58
133;118
70;15
34;188
241;212
199;253
20;93
104;328
33;224
47;149
52;223
253;359
106;97
46;187
149;47
12;106
137;106
106;137
90;25
36;86
140;133
118;133
64;133
187;46
66;181
140;94
140;151
168;70
338;70
324;11
181;16
16;21
105;21
70;168
94;91
187;33
180;33
149;212
151;212
300;212
199;212
64;253
16;253
118;140
3;224
241;44
50;150
41;129
16;62
21;113
402;61
47;83
9;230
136;191
121;28
28;377
49;143
14;201
177;99
179;82
43;133
27;387
91;70
64;12
199;232
67;301
82;38
106;68
377;52
284;367
56;113
370;369
346;10
27;391
35;158
182;23
16;40
361;261
134;28
70;98
223;86
77;18
107;30
62;181
29;107
59;91
56;56
28;87
77;38
50;328
184;44
13;97
58;114
58;187
147;191
346;148
83;208
104;17
212;199
57;78
39;185
376;64
51;99
38;365
38;121
188;108
30;300
54;116
189;57
64;301
51;120
224;33
341;33
67;93
52;217
31;328
132;63
54;55
102;129
64;97
66;112
54;59
128;124
79;53
104;144
87;28
66;201
212;30
85;382
27;205
29;38
140;37
212;140
34;176
382;85
86;223
18;268
45;114
30;158
75;39
27;83
50;96
70;96
157;45
68;128
123;254
50;100
62;139
171;50
43;386
51;201
54;132
224;54
69;171
197;82
47;16
151;118
191;121
315;342
169;138
143;116
35;344
80;107
12;42
132;221
37;26
357;97
33;114
374;67
13;373
132;254
352;106
124;14
140;104
221;132
371;132
92;185
99;171
155;46
328;232
182;167
201;51
174;147
269;6
43;4
26;157
102;97
97;357
398;369
58;102
89;96
34;45
45;104
342;132
9;90
61;82
94;151
39;75
36;205
33;65
33;33
25;217
111;129
55;26
18;113
45;287
97;114
67;373
52;189
77;189
93;83
93;96
19;144
80;139
70;139
132;103
111;115
40;197
54;171
108;171
0;110
14;300
171;15
82;87
26;37
52;93
51;140
106;176
46;155
220;195
195;220
196;84
148;191
161;89
128;89
69;17
161;17
144;50
22;77
205;201
24;46
91;46
205;46
42;12
83;58
46;21
27;123
28;92
38;136
41;241
34;4
46;52
84;52
64;357
309;67
50;189
69;189
327;128
83;351
241;41
63;103
52;30
196;393
41;309
373;16
142;177
201;205
128;327
70;202
344;35
62;92
46;91
143;2
111;147
357;63
77;6
64;42
63;357
352;112
324;61
15;61
52;61
42;373
92;189
49;191
88;148
45;148
40;137
161;90
93;103
115;22
353;31
45;16
110;110
180;300
48;238
27;217
105;272
185;114
61;189
98;83
18;187
85;139
253;14
272;105
364;164
382;5
61;75
53;58
17;118
34;327
41;301
106;92
91;107
101;33
123;93
353;140
46;156
75;61
335;69
30;89
132;96
75;45
270;203
181;34
64;201
94;358
403;18
134;105
357;64
78;171
260;171
75;36
248;133
358;94
102;193
27;16
164;364
22;301
78;91
38;24
120;62
70;113
77;61
92;40
85;69
95;45
29;47
18;134
301;41
90;117
360;64
4;46
103;46
378;12
327;31
66;65
377;29
18;91
24;253
167;76
336;328
171;265
75;101
92;224
66;4
69;4
11;150
72;129
65;40
103;102
118;45
52;53
133;43
93;77
46;103
281;0
17;99
265;171
70;72
61;16
70;123
191;168
76;167
373;51
28;265
347;101
49;101
77;176
101;176
39;157
106;88
57;172
168;191
35;111
287;45
123;100
90;143
29;336
101;352
51;281
112;18
60;82
226;46
59;72
133;248
253;16
3;118
58;56
216;149
70;155
52;67
79;39
27;189
10;270
400;48
204;89
39;144
16;47
18;139
38;77
26;78
105;105
42;378
66;197
27;171
101;36
10;380
105;108
28;300
17;205
31;327
58;116
89;116
51;364
106;15
77;92
149;91
144;91
300;13
121;76
81;101
111;101
89;68
82;195
63;254
18;104
132;104
28;132
104;132
55;86
42;18
108;105
23;197
377;181
43;181
93;16
9;118
107;91
62;122
99;93
63;217
205;217
14;223
57;157
63;97
189;114
404;369
72;400
78;45
181;377
196;43
31;353
161;77
371;34
22;171
67;238
95;57
147;51
82;237
25;301
210;101
157;4
150;52
98;223
15;42
45;79
51;230
14;124
181;43
113;137
223;405
47;336
115;126
111;70
359;58
248;125
59;121
149;131
187;51
56;51
191;147
70;19
43;149
102;52
223;223
270;223
25;55
33;97
269;61
212;39
111;48
89;148
58;53
70;128
95;81
54;100
149;216
78;98
62;103
92;181
217;31
324;65
356;60
82;120
61;173
51;56
42;176
34;150
72;62
98;113
3;373
63;48
48;400
61;269
49;102
66;96
99;142
6;90
115;18
51;64
98;178
93;171
359;22
92;193
85;123
148;168
98;138
158;91
26;234
379;176
83;63
212;149
84;157
196;157
63;88
227;150
91;357
37;67
90;49
12;158
106;73
168;148
4;143
177;1
223;54
95;86
50;105
311;5
335;22
47;60
137;91
45;37
160;140
176;42
234;26
13;270
39;400
43;269
67;148
47;111
63;81
5;81
101;78
20;178
77;171
76;171
60;171
84;75
176;379
16;123
197;342
115;51
91;68
205;6
91;44
168;156
406;407
379;10
73;191
61;102
4;111
321;17
87;171
120;82
68;80
3;16
82;170
22;65
20;238
120;51
63;120
45;91
78;122
120;63
294;221
253;24
16;27
253;354
53;97
120;61
205;61
129;67
352;67
232;220
354;324
61;69
41;47
64;134
269;43
56;43
85;106
14;341
93;353
157;244
27;98
101;54
120;18
83;178
320;161
50;181
137;94
143;256
177;22
31;70
66;12
357;16
171;16
49;170
123;170
178;138
15;57
14;92
327;74
45;147
231;19
26;93
17;217
199;119
39;265
34;44
101;62
309;97
400;321
137;61
18;158
407;406
377;39
182;183
167;183
103;69
26;111
69;128
93;43
265;353
192;133
322;11
307;11
29;329
50;215
39;205
124;238
199;167
230;51
377;51
143;210
221;63
39;113
199;183
344;189
63;174
84;45
102;134
51;17
12;254
301;34
106;34
353;115
134;64
357;30
26;94
43;22
62;196
34;118
106;21
31;205
51;205
67;138
34;92
6;107
341;120
47;253
51;176
189;408
63;235
22;61
102;69
102;89
96;102
156;17
120;341
33;132
118;78
383;252
54;64
138;178
237;197
173;82
10;379
91;51
31;173
10;253
109;37
18;265
204;26
18;359
77;97
97;69
28;400
86;89
129;102
199;409
68;106
61;77
31;104
62;104
58;54
205;18
51;197
48;171
46;133
58;46
38;22
56;58
253;3
345;60
60;345
173;91
50;122
93;176
77;224
218;55
60;221
95;129
17;155
22;359
38;62
30;357
60;356
84;102
39;59
34;106
171;143
181;50
173;50
236;34
122;104
200;90
309;352
45;78
353;18
103;178
197;178
247;178
96;82
121;179
50;72
75;256
62;193
260;31
169;31
28;327
131;167
59;116
13;87
53;122
19;19
42;37
131;37
17;93
48;26
91;113
157;97
353;373
77;45
31;106
27;201
97;185
78;80
39;380
357;66
45;224
55;157
81;150
157;150
14;112
50;112
134;61
147;69
62;191
77;102
82;124
15;47
88;139
101;77
364;104
26;104
17;104
70;90
168;78
111;171
46;365
177;380
97;309
82;196
31;217
116;176
88;129
410;354
58;97
31;260
58;67
132;69
101;148
33;175
112;347
51;377
15;106
4;139
373;353
93;41
62;277
91;78
85;185
37;0
89;178
26;99
106;309
130;138
328;361
26;88
112;97
67;114
12;48
174;102
59;96
50;124
34;134
75;134
93;100
9;137
103;34
138;34
82;98
64;98
369;390
359;0
165;130
217;379
13;58
5;311
136;51
88;51
113;51
16;29
87;301
61;38
95;147
28;122
221;93
23;359
6;359
51;113
41;114
22;112
187;67
63;83
63;96
70;106
191;139
380;34
91;104
27;78
224;18
162;227
69;0
272;164
29;82
136;133
53;80
124;108
39;108
132;123
63;123
31;123
186;116
131;51
14;364
77;74
37;37
34;76
266;140
54;328
102;63
17;85
41;223
360;223
48;157
100;221
51;97
66;357
181;260
34;61
86;39
108;69
400;83
54;89
100;96
6;134
327;28
364;14
63;104
368;90
22;98
28;115
78;146
31;99
34;197
16;30
260;181
53;75
192;125
33;180
77;123
56;57
379;15
106;85
75;88
103;10
111;79
51;73
68;111
31;96
277;45
18;144
269;134
101;347
37;199
220;160
43;353
63;201
21;358
113;78
97;54
95;161
90;70
210;309
177;31
178;16
254;58
42;184
216;167
328;363
82;91
42;241
23;253
9;76
64;265
174;101
309;210
359;6
148;4
91;223
33;88
196;150
150;272
353;61
51;40
205;39
291;356
101;174
9;191
141;81
132;100
30;132
265;64
112;64
15;0
121;130
90;161
144;82
45;66
161;75
99;177
24;65
196;116
62;74
59;147
356;291
31;63
70;44
115;129
101;371
67;102
41;214
309;106
15;142
61;139
135;160
74;34
63;78
28;185
85;346
34;379
42;121
104;51
73;38
346;85
79;88
191;97
1;191
48;96
150;81
83;100
25;143
36;242
40;18
107;390
132;178
380;30
215;181
119;94
176;116
364;51
106;51
96;93
58;129
253;26
53;156
105;49
133;47
28;134
129;81
20;254
4;201
25;201
3;352
97;197
122;21
321;21
78;205
79;116
85;301
89;15
41;92
140;135
36;13
70;33
45;253
353;253
273;372
15;76
371;101
353;63
344;85
346;27
146;152
187;391
102;67
69;49
269;174
134;269
54;102
70;102
174;45
18;106
22;201
36;132
205;78
49;105
76;178
0;161
41;70
171;193
120;20
15;379
377;58
183;167
28;116
164;9
98;364
64;364
168;91
41;122
9;253
70;253
94;149
75;95
109;24
342;195
45;191
15;124
186;124
45;277
229;104
69;201
34;132
135;82
121;82
175;162
165;179
104;94
95;256
72;70
269;12
101;193
28;196
91;118
25;259
62;138
86;116
232;363
26;173
47;38
353;13
62;253
324;24
289;129
108;114
55;39
12;269
174;269
54;175
256;102
321;45
34;53
364;98
132;54
155;54
57;64
100;0
112;171
353;5
101;256
16;22
189;70
253;20
353;16
128;58
250;205
65;65
61;364
85;92
132;93
172;150
148;27
50;359
9;220
149;127
256;69
92;273
196;102
25;144
22;347
248;214
1;106
213;160
205;90
6;0
89;346
347;22
5;66
83;21
148;205
363;411
231;51
38;29
98;15
107;122
26;253
51;210
61;44
60;195
11;322
108;67
308;208
19;134
48;100
253;50
83;103
371;0
211;161
40;179
353;11
85;108
34;57
372;51
357;51
98;51
208;51
144;29
360;289
363;328
196;68
6;236
31;223
377;157
51;357
373;61
158;61
114;189
203;270
48;102
108;102
162;111
20;96
108;124
301;45
236;41
367;284
75;70
51;232
148;16
41;329
78;16
187;58
134;180
197;3
253;51
210;92
301;38
42;2
31;101
7;348
0;6
254;223
83;156
116;79
38;373
51;249
373;73
16;148
180;134
117;28
346;14
111;103
83;78
79;78
9;164
94;231
51;80
106;70
16;20
84;166
132;138
352;3
37;131
189;9
133;51
154;51
363;51
17;301
20;91
104;136
0;38
50;76
51;154
62;101
150;63
104;6
196;52
51;359
353;62
155;191
51;148
95;148
15;53
199;144
187;134
51;199
29;353
189;14
4;104
174;104
412;413
53;162
69;181
2;181
56;181
149;231
74;94
113;80
60;70
128;193
78;58
66;118
20;166
74;170
327;65
29;238
81;116
63;57
35;51
358;51
338;60
27;15
69;301
128;92
97;107
358;289
17;120
218;2
70;234
270;13
92;33
111;33
52;147
98;122
16;93
144;229
31;229
36;217
94;328
103;265
400;176
51;145
56;95
79;95
61;52
162;157
41;150
45;129
33;218
45;113
52;152
3;152
69;97
2;114
49;114
48;114
41;112
161;61
174;61
92;61
113;158
28;373
63;373
238;69
176;400
221;83
208;83
45;230
196;230
27;187
150;148
52;148
96;148
62;96
352;124
54;124
61;332
89;45
157;53
138;169
78;128
98;134
66;134
190;81
101;81
222;163
97;142
91;139
132;77
5;77
124;352
134;78
152;78
3;185
36;185
92;64
20;164
52;349
65;197
142;171
14;171
9;171
70;80
114;193
148;193
48;75
73;16
112;16
104;58
63;180
103;123
18;305
189;205
364;327
83;238
86;57
253;29
158;202
185;92
52;92
92;107
69;120
134;120
94;74
112;241
101;147
58;147
260;93
91;154
33;217
132;328
86;101
124;210
95;63
180;63
102;190
328;290
59;88
33;150
97;150
52;129
187;155
97;155
40;359
104;152
61;97
346;357
35;260
35;79
66;79
231;39
97;39
78;69
33;48
234;73
50;187
31;187
123;191
92;102
80;96
88;96
92;124
19;332
33;53
229;144
65;169
77;169
97;134
147;17
51;254
25;106
112;139
295;308
148;137
2;353
78;77
144;1
70;132
54;103
34;103
190;115
120;78
102;54
58;185
61;185
33;185
102;86
73;378
92;178
48;99
93;99
82;171
13;171
121;365
111;66
26;66
15;193
256;198
159;16
152;58
97;58
70;58
111;58
154;118
70;118
92;238
27;238
209;138
107;138
359;3
16;3
65;301
78;92
66;74
93;74
79;91
14;38
33;234
62;147
21;265
177;176
373;63
172;6
157;88
83;150
134;129
154;26
61;114
33;112
39;112
157;61
90;67
149;220
53;79
6;373
58;174
52;174
100;73
106;83
346;187
48;89
55;96
77;124
42;214
213;214
377;28
34;254
83;106
14;100
3;142
133;160
210;77
124;117
13;352
54;185
29;297
50;197
69;82
341;346
157;72
68;72
144;94
61;94
177;193
33;16
72;58
104;125
123;294
49;108
294;123
52;205
62;238
40;51
64;92
35;394
146;120
73;74
82;74
91;91
353;56
103;13
129;33
112;33
47;212
74;209
28;229
97;217
61;217
88;63
27;271
92;63
41;85
62;224
43;247
0;247
64;247
353;235
25;157
95;150
20;129
56;359
168;113
158;113
25;97
111;97
78;156
400;260
111;61
48;67
51;158
144;158
61;79
1;373
129;189
88;84
18;400
93;230
78;187
128;191
57;148
34;89
320;175
59;102
88;111
91;96
140;144
67;134
82;214
373;28
51;139
187;139
56;353
341;14
49;90
128;78
157;162
89;162
39;94
42;365
111;193
66;75
65;309
82;16
11;16
75;166
131;194
85;170
83;170
67;300
69;238
148;138
254;3
373;57
73;51
70;301
63;107
83;74
154;91
212;38
48;217
126;176
77;210
52;95
196;95
300;42
172;88
111;88
111;150
25;155
100;155
146;62
96;152
16;159
28;114
80;112
146;61
230;61
92;49
158;39
111;83
34;187
29;191
6;148
81;89
22;102
17;111
69;111
63;59
164;45
31;45
177;169
29;377
150;377
36;106
74;142
75;139
70;353
128;77
52;77
58;41
17;132
100;132
132;98
171;352
6;115
39;227
103;64
56;164
352;171
92;171
104;82
320;82
46;226
4;162
205;72
53;72
75;80
92;256
57;382
123;70
400;70
96;193
17;309
101;31
70;16
193;16
113;118
34;121
221;294
55;205
85;238
63;238
177;138
123;138
388;51
327;364
61;301
215;92
70;107
87;107
15;107
102;107
96;107
132;91
28;91
18;234
67;37
253;37
84;154
62;154
96;101
114;176
196;63
70;63
73;85
137;149
286;44
75;52
77;52
336;42
147;414
56;157
9;221
69;150
52;150
336;262
80;156
90;114
111;112
62;260
100;61
14;373
221;39
51;174
243;83
112;102
147;102
78;96
98;243
2;124
55;45
309;17
400;17
26;81
83;43
57;139
373;1
62;336
91;132
69;90
88;360
111;78
112;25
98;64
147;64
104;146
28;178
28;349
27;99
56;197
58;161
76;82
45;82
103;72
63;72
97;70
89;12
50;75
44;16
54;58
148;58
56;300
6;205
141;116
73;116
247;237
47;15
49;92
177;107
49;107
123;173
91;74
14;147
33;147
253;383
77;93
26;154
45;217
345;328
92;101
53;176
77;63
148;224
28;149
106;52
112;129
173;62
39;97
113;156
102;112
159;220
216;183
80;69
56;84
18;269
111;230
22;187
72;148
101;89
90;96
372;134
105;28
51;81
3;254
157;139
134;139
159;160
48;77
128;1
69;78
89;25
25;25
251;25
143;64
91;178
62;171
83;82
49;181
55;181
69;80
85;256
18;382
132;380
63;193
89;75
78;31
157;20
353;20
29;16
157;58
128;170
132;294
36;108
102;238
99;138
49;138
91;138
101;116
58;51
305;51
51;60
2;301
33;92
89;92
106;107
265;74
357;91
150;33
380;147
90;93
83;76
160;119
160;328
74;265
101;63
253;63
57;52
97;88
174;88
271;27
16;359
253;62
88;97
88;112
6;211
199;220
67;158
146;373
16;373
104;39
301;73
100;83
35;187
377;175
196;53
26;47
106;128
75;208
52;100
101;139
72;50
373;14
28;104
415;412
40;130
9;99
65;171
125;231
194;94
26;80
33;256
170;66
106;66
73;193
156;16
88;166
70;121
9;170
70;294
63;108
373;3
16;57
75;364
28;60
101;301
56;173
19;212
150;147
22;265
352;176
171;63
126;190
160;414
61;129
377;27
290;262
40;113
51;156
35;156
61;156
112;61
150;61
34;158
14;320
49;69
53;400
78;83
56;148
157;148
154;102
25;111
283;45
45;144
83;144
80;169
83;128
17;134
400;28
62;106
126;341
101;142
96;139
0;160
320;14
83;34
93;90
176;352
106;352
33;130
373;146
55;99
179;197
49;171
87;82
65;82
70;22
82;66
107;193
103;75
352;309
37;196
352;16
147;58
98;170
73;108
1;57
169;15
156;35
89;301
45;394
351;173
85;91
75;91
63;381
22;381
357;33
414;212
383;253
143;176
381;63
231;149
97;52
103;88
39;221
137;156
85;114
78;112
359;61
16;61
100;67
58;189
68;187
91;187
75;111
77;96
64;96
148;96
5;128
1;128
29;208
173;351
416;28
157;28
27;377
377;254
173;106
155;201
414;132
294;132
16;352
417;360
39;78
56;185
12;378
136;233
205;64
148;178
41;349
377;5
10;162
30;22
377;12
173;31
169;170
47;21
62;123
327;335
377;205
82;397
13;375
33;57
55;301
48;15
90;92
101;107
66;91
294;241
64;140
115;101
72;63
90;200
51;150
67;155
61;359
79;113
352;97
11;156
33;357
39;114
53;61
101;189
53;69
9;269
113;83
132;83
63;187
79;148
174;89
96;89
81;175
5;111
28;124
269;53
400;53
96;128
91;128
67;208
232;28
254;377
210;143
212;160
232;160
102;77
188;117
67;104
35;201
265;132
117;25
81;86
64;18
143;171
96;181
114;181
160;231
22;70
63;66
55;193
83;75
196;75
83;31
143;31
175;16
28;118
53;166
92;108
152;205
134;327
97;138
269;9
86;51
132;51
207;120
88;120
103;74
174;56
364;33
96;33
133;212
3;122
252;383
212;19
62;93
148;93
3;217
251;328
34;63
139;68
90;145
213;44
166;157
398;370
68;150
180;150
175;129
103;129
23;195
63;113
101;114
61;112
120;207
69;61
112;79
75;239
102;39
96;189
31;83
66;83
58;230
93;187
52;111
134;53
140;47
197;169
147;134
53;134
118;28
31;143
56;137
60;353
259;336
21;201
17;358
364;374
25;98
51;86
148;64
123;64
247;0
55;178
82;99
400;161
57;162
195;179
64;256
38;66
69;329
150;58
124;186
80;166
33;364
11;202
60;60
44;15
31;92
31;91
233;136
6;38
38;2
64;147
61;147
0;253
49;85
96;224
83;224
166;6
54;88
93;221
159;113
88;152
377;159
203;220
149;23
64;40
21;174
161;400
111;148
187;148
112;148
141;175
78;134
226;214
59;377
28;81
64;163
102;106
221;100
90;77
123;54
38;18
104;197
97;171
85;181
73;80
53;256
294;70
364;75
239;75
347;309
84;196
49;16
58;16
165;121
102;138
104;29
374;29
146;364
63;364
353;60
129;301
3;394
28;120
130;74
372;91
38;56
56;38
175;33
69;147
34;253
91;372
12;217
77;328
97;176
97;63
174;63
364;63
56;44
111;52
61;157
28;157
89;150
48;129
342;27
67;156
158;156
57;61
41;61
94;39
22;111
155;169
131;214
185;106
128;106
124;77
47;41
96;117
173;201
84;54
126;86
52;161
103;171
134;5
129;72
88;80
111;80
15;20
194;232
38;329
91;16
28;215
80;138
82;15
48;107
61;120
34;74
209;74
202;91
97;234
102;122
233;19
12;372
88;119
11;307
50;418
56;4
38;6
54;157
27;359
31;97
26;204
128;39
33;174
364;400
27;400
67;187
45;187
91;111
144;59
69;124
39;128
157;377
129;139
49;34
94;201
97;352
369;18
411;284
90;227
46;233
22;64
26;161
15;82
30;181
327;181
368;22
134;12
191;66
138;16
60;177
13;294
181;327
74;327
117;238
197;138
61;57
223;51
400;364
42;15
129;91
72;91
86;33
134;122
64;76
26;368
22;368
176;101
48;190
37;213
70;42
53;157
368;26
54;359
377;62
43;97
253;369
28;112
173;40
39;189
4;48
143;102
198;96
164;53
370;398
86;347
136;214
55;81
70;43
89;77
285;14
79;104
63;90
227;90
34;78
69;54
33;126
142;185
347;86
68;349
368;161
73;181
15;181
58;72
45;72
157;387
98;94
47;22
224;193
56;75
46;125
161;180
146;3
148;51
297;29
93;301
367;363
53;91
118;91
269;56
147;33
230;147
369;253
39;37
269;372
80;76
90;368
161;368
45;283
238;101
174;85
37;24
81;26
14;359
15;62
83;97
67;112
56;158
56;79
213;183
372;269
96;191
48;148
204;102
79;59
170;124
289;81
97;100
342;308
103;104
50;98
17;185
69;86
63;164
123;178
180;161
150;162
39;181
283;58
6;123
73;168
48;138
180;57
419;364
295;316
181;420
347;368
85;217
102;217
58;283
128;63
421;318
154;88
108;129
15;27
71;333
95;113
68;113
238;97
101;61
54;69
187;69
77;191
116;102
97;96
215;124
91;144
55;128
21;134
241;214
150;17
17;377
128;43
103;106
194;104
82;132
134;90
129;18
247;64
247;197
237;82
59;196
22;108
101;238
91;228
46;136
88;56
61;87
22;38
230;13
356;340
15;154
341;68
23;149
51;88
77;150
162;26
202;155
134;97
241;112
238;67
140;183
117;69
229;230
202;187
139;148
97;148
86;102
117;124
152;45
94;144
132;169
12;134
143;347
6;377
347;143
88;50
113;1
253;41
108;34
70;185
78;86
101;64
194;231
159;94
81;256
64;309
66;121
48;116
102;301
81;289
81;2
69;217
115;190
172;157
50;88
118;62
90;97
29;156
129;112
340;356
181;73
174;148
66;273
102;102
212;47
94;134
365;100
68;341
102;139
191;77
72;90
44;216
16;103
108;115
101;115
48;78
364;54
128;54
309;64
85;171
397;181
15;22
154;58
112;58
62;166
44;184
78;170
128;108
49;301
131;91
87;87
142;241
407;241
24;37
88;154
181;265
111;63
341;63
139;190
171;422
88;52
360;52
52;88
187;221
66;26
48;113
173;61
122;61
234;67
49;39
48;48
73;269
64;83
154;230
4;187
33;187
101;191
141;102
73;124
125;47
38;214
85;100
63;341
247;34
21;90
52;360
157;164
80;178
422;171
189;181
193;181
102;22
221;70
91;66
238;31
118;20
163;121
9;194
108;170
96;215
134;21
52;123
58;205
88;13
97;33
61;372
44;154
144;290
49;145
189;236
154;44
113;223
75;223
39;88
77;88
70;221
6;155
164;62
108;97
285;207
372;61
83;67
25;49
108;39
166;172
128;69
39;187
68;148
49;89
16;175
117;96
66;124
92;128
70;143
402;413
155;103
114;185
128;185
70;18
359;30
171;181
338;365
91;75
95;196
378;215
180;205
168;205
51;51
93;344
49;15
175;15
400;56
265;234
109;253
122;93
147;368
230;154
128;217
91;265
98;265
126;101
13;210
58;63
150;68
207;235
0;42
45;55
227;26
91;26
150;26
6;204
175;69
56;400
98;191
69;175
15;175
81;102
67;59
78;124
191;132
55;90
155;78
181;25
106;31
174;205
96;238
30;411
171;138
89;138
56;301
88;91
68;91
110;253
73;76
43;63
357;68
363;367
184;42
165;42
161;62
147;152
103;67
72;174
20;187
61;187
134;148
92;96
112;128
122;134
155;100
182;216
51;98
64;103
265;18
163;130
106;178
147;161
3;171
97;80
64;380
61;66
91;170
361;342
74;65
108;138
341;364
55;92
104;91
170;56
82;93
139;217
361;140
78;101
114;224
20;95
28;223
140;361
147;150
85;129
97;26
21;155
18;112
58;111
108;96
99;169
101;128
184;43
364;341
254;50
174;41
28;78
259;25
16;197
411;30
12;70
201;16
101;170
138;3
235;3
139;202
175;56
268;147
56;253
161;372
83;93
129;63
78;68
206;6
89;88
56;155
173;27
92;97
18;357
26;112
48;112
175;211
149;61
290;220
66;189
4;421
121;214
118;137
215;251
311;90
87;99
372;161
138;181
124;31
174;16
128;16
136;184
207;168
364;9
423;56
87;340
164;6
103;4
101;55
2;55
196;26
157;26
103;62
197;195
139;114
161;211
273;67
184;23
118;84
199;83
166;111
84;53
89;134
189;43
121;163
64;106
102;100
56;423
379;34
50;99
108;99
93;82
317;295
139;181
101;58
88;180
155;170
164;205
139;51
152;91
134;372
155;93
65;217
236;210
262;290
102;150
96;97
25;112
124;49
37;127
91;148
69;148
172;111
83;111
95;53
45;47
108;128
174;34
147;201
80;78
96;78
369;412
207;146
139;171
247;82
163;82
308;295
161;21
300;342
193;138
96;138
64;57
64;91
181;2
166;122
103;63
101;224
112;150
201;155
130;195
73;114
424;260
102;61
57;49
155;39
189;189
103;230
103;187
112;111
21;96
101;425
425;347
203;214
68;50
147;14
130;64
8;130
21;161
40;5
232;82
260;424
130;179
6;70
55;426
70;12
42;125
132;170
135;51
149;363
253;253
76;93
83;68
97;4
101;4
79;223
33;55
83;221
92;129
88;113
111;152
128;114
34;112
187;61
23;266
259;239
171;189
114;69
21;187
79;111
97;45
237;169
160;214
61;201
2;130
157;146
168;80
250;80
154;70
44;12
73;118
364;419
15;177
77;170
215;238
64;238
230;168
50;173
103;52
255;42
85;155
132;62
307;314
97;152
44;183
74;83
29;230
152;148
108;89
157;134
176;139
189;77
189;34
144;336
62;132
25;132
103;98
383;427
43;197
143;5
336;259
341;9
156;29
218;15
73;173
33;91
290;328
107;176
91;149
52;157
39;155
303;314
117;67
295;317
211;89
84;59
192;47
215;106
114;139
171;77
187;132
91;64
284;197
163;179
63;80
84;20
419;205
139;138
114;138
55;91
69;91
427;383
108;85
130;8
17;157
15;218
148;155
83;155
187;62
82;61
157;79
168;230
70;45
122;146
96;178
265;279
205;419
108;238
49;57
97;91
113;91
11;122
101;122
7;217
262;328
20;157
101;150
23;407
63;79
407;23
101;39
372;84
47;332
144;214
106;106
66;130
233;133
96;147
70;154
215;217
175;190
98;68
88;157
164;26
361;262
29;189
139;69
132;191
78;191
265;330
80;53
428;402
189;128
62;90
146;54
53;0
21;16
251;215
112;364
69;173
208;173
340;87
141;101
400;63
22;85
322;307
83;4
59;4
290;367
91;150
54;112
76;39
16;189
241;189
52;96
23;332
98;104
212;233
189;171
373;429
207;80
414;248
215;193
125;121
345;342
202;51
50;316
266;19
54;119
337;328
81;141
55;52
50;414
202;221
152;61
6;191
59;50
273;64
61;146
73;171
37;133
222;46
309;256
430;20
249;16
225;121
44;431
36;51
81;9
71;253
249;229
117;101
16;249
86;48
189;273
314;303
148;98
363;284
149;82
178;170
349;294
3;7
41;87
267;383
259;328
241;4
384;384
156;152
18;211
206;204
147;204
74;39
255;47
50;303
284;336
290;82
27;430
32;12
55;75
256;309
10;432
12;7
58;91
228;240
361;328
367;290
431;44
367;262
16;114
260;306
20;84
143;89
225;47
363;336
119;104
328;337
87;178
433;430
92;70
67;434
82;121
34;123
308;342
430;433
136;38
373;188
136;212
250;235
174;26
435;40
4;174
106;102
81;28
58;50
259;337
253;125
73;170
39;123
83;168
22;436
4;241
431;19
125;253
239;229
340;291
62;235
437;10
67;67
130;40
134;373
103;191
50;148
180;111
107;34
260;295
13;196
290;232
135;16
114;215
317;342
325;305
438;439
34;68
303;322
253;109
103;97
432;10
33;59
233;47
251;139
5;143
328;336
232;284
112;105
60;197
13;36
57;36
10;430
436;22
302;279
191;170
28;311
174;123
328;259
300;345
76;87
114;440
310;13
279;265
160;52
43;42
180;88
124;129
146;207
189;67
229;239
59;69
86;377
145;143
52;160
74;77
142;14
438;103
47;255
132;64
51;346
37;70
31;75
130;196
421;20
364;11
251;238
441;116
414;51
300;364
373;364
33;15
26;120
212;136
79;438
192;42
333;71
28;435
438;67
36;49
14;421
95;421
1;270
75;174
196;89
372;81
322;303
303;50
87;41
372;86
295;337
206;130
119;82
284;82
102;181
442;12
54;118
26;443
253;110
294;305
414;65
253;431
13;13
431;253
28;145
65;414
141;55
300;10
295;260
345;260
33;206
88;48
139;102
383;267
267;267
197;28
362;54
423;0
437;36
316;295
196;444
360;22
81;20
222;121
273;215
174;286
201;120
103;91
1;438
199;13
135;438
441;13
70;438
445;13
148;33
213;253
9;372
315;328
68;68
51;95
57;44
51;414
269;55
6;150
446;24
198;26
254;62
364;79
104;23
13;310
447;84
10;203
145;28
98;100
13;199
448;77
196;362
77;201
258;54
358;54
141;126
13;437
93;0
353;0
294;349
411;197
39;448
192;441
306;295
379;181
449;75
372;20
247;16
31;379
313;110
45;205
13;327
196;288
53;432
65;29
340;60
260;345
337;363
437;13
158;13
38;122
81;372
18;372
450;63
70;6
43;6
421;95
103;223
48;88
28;321
162;79
116;421
150;111
86;59
64;59
432;53
134;134
414;43
118;1
34;450
432;450
451;34
262;336
249;104
16;0
158;452
453;22
47;70
265;70
63;75
444;196
284;232
247;434
454;121
282;294
414;311
455;300
19;431
13;456
421;116
26;432
51;457
114;301
438;135
78;120
113;56
36;38
28;438
139;13
97;13
452;13
123;438
126;33
93;93
24;229
61;76
277;63
232;290
227;68
143;145
4;223
45;223
28;276
43;414
229;24
80;26
6;113
52;97
111;321
18;321
317;260
421;61
161;23
13;445
177;40
121;40
139;39
2;373
2;172
61;421
282;306
42;400
161;53
41;192
419;28
81;17
438;28
89;81
455;458
13;139
260;308
414;353
436;41
192;41
111;132
51;437
300;455
68;227
55;0
300;130
325;349
196;459
53;161
44;5
158;36
134;346
13;72
345;22
421;75
64;449
119;232
43;58
37;58
20;419
2;108
90;311
36;311
100;123
51;123
315;411
105;456
0;433
84;57
438;51
18;432
305;325
9;364
87;92
63;92
173;56
280;13
25;13
206;33
63;280
77;76
20;460
311;283
330;265
42;68
441;6
383;44
323;278
68;42
108;150
71;446
447;26
21;359
446;71
441;97
72;112
132;67
42;158
156;158
364;373
141;310
328;261
75;421
279;306
78;111
57;192
92;251
140;160
461;353
444;450
92;14
97;103
13;25
432;18
16;18
458;455
456;105
212;255
75;64
54;30
456;441
40;36
